text_idx,stat_automated_readability_index,stat_avg_sent_len,stat_avg_word_len,stat_char_count,stat_coleman_liau_index,stat_dale_chall_readability_score,stat_difficult_words,stat_flesch_kincaid_grade,stat_flesch_reading_ease,stat_gunning_fog,stat_has_because,stat_has_example,stat_has_multiple_choice,stat_has_therefore,stat_linsear_write_formula,stat_long_word_ratio,stat_max_sent_len,stat_mcalpine_eflaw,stat_n_comma,stat_n_exclaim,stat_n_newlines,stat_n_paragraphs,stat_n_paren,stat_n_question,stat_n_quote,stat_n_semicolon,stat_sentence_count,stat_smog_index,stat_spache_readability,stat_text_standard,stat_ttr,stat_unique_words,stat_word_count,stat_word_entropy
0,3.813939393939396,12.375,4.040404040404041,513,4.767676767676768,6.893514141414141,12.0,5.029292929292929,78.59727272727275,8.036363636363637,0.0,0.0,0.0,0.0,5.611111111111111,0.15151515151515152,15,17.444444444444443,4,0,8,1,0,0,2,0,8,9.150863307647796,3.5192929292929294,4.0,0.5555555555555556,55,99,5.41977474167704
1,6.296434169278999,10.636363636363637,4.572649572649572,668,7.943103448275863,8.107054545454545,19.0,6.12100313479624,69.96067398119125,9.390595611285267,0.0,0.0,0.0,0.0,5.2,0.21367521367521367,15,15.090909090909092,4,0,10,1,0,0,2,0,11,10.23097548852734,4.031081504702193,5.0,0.6923076923076923,81,117,6.0889465831285285
2,6.091285714285714,8.75,4.704761904761905,626,7.8838095238095285,9.033071428571429,20.0,5.353928571428575,72.26232142857144,6.547619047619048,0.0,0.0,0.0,0.0,4.083333333333333,0.23809523809523808,11,11.75,9,0,11,1,0,0,0,0,12,8.841846274778883,4.038464285714285,6.0,0.6285714285714286,66,105,5.718974151342143
3,3.198773584905659,10.6,4.0,541,4.388679245283019,6.694618490566038,5.0,3.238339622641508,90.72505660377362,5.749433962264151,0.0,0.0,0.0,0.0,4.888888888888889,0.10377358490566038,12,15.4,1,0,9,1,0,0,0,0,10,7.168621630094336,2.9015245283018865,3.0,0.5471698113207547,58,106,5.471569857546463
4,4.902575757575757,8.272727272727273,4.4945054945054945,514,6.81111111111111,7.726651515151515,14.0,4.776464646464646,75.39045454545456,5.494949494949495,1.0,0.0,0.0,0.0,3.6363636363636367,0.18681318681318682,10,10.909090909090908,4,0,10,1,0,0,0,0,11,7.348242739294969,3.425969696969697,4.0,0.7362637362637363,67,91,5.886593266429677
5,5.427427101200685,9.636363636363637,4.528301886792453,601,7.118867924528303,7.838520240137221,13.0,4.087049742710121,82.92390222984564,8.00548885077187,0.0,0.0,0.0,0.0,4.545454545454546,0.1792452830188679,12,13.454545454545455,5,0,10,1,0,0,0,0,11,9.095868883498916,3.4958404802744423,4.0,0.7264150943396226,77,106,6.091279478569199
6,3.1928947368421063,9.5,4.078947368421052,596,4.640350877192983,6.600857894736842,6.0,2.2957017543859664,95.52407894736842,5.203508771929825,0.0,0.0,0.0,0.0,3.909090909090909,0.09649122807017543,12,13.5,4,0,13,3,0,0,0,0,12,6.816661863887846,2.631131578947368,4.0,0.5614035087719298,64,114,5.711045142130262
7,3.9042391304347817,9.3,4.21505376344086,496,5.569565217391304,7.182167826086957,10.0,3.517565217391308,86.22960869565219,7.1582608695652175,0.0,0.0,0.0,0.0,4.6,0.15053763440860216,14,12.8,2,0,0,1,0,1,0,0,10,8.841846274778883,3.1644608695652168,3.0,0.6774193548387096,63,93,5.759273595914689
8,5.070776699029125,11.444444444444445,4.310679611650485,570,6.431372549019606,8.631733725490196,14.0,5.509568627450978,73.72905882352943,9.962352941176471,0.0,0.0,0.0,0.0,5.6,0.18446601941747573,13,14.8,3,0,9,1,0,0,4,0,9,10.355215969177355,3.794847058823529,5.0,0.6601941747572816,68,103,5.744813940195928
9,2.458855519480519,10.272727272727273,3.8230088495575223,558,3.4053571428571416,6.820178896103896,9.0,2.8148376623376663,93.01652597402597,4.42987012987013,0.0,0.0,0.0,0.0,4.2,0.08849557522123894,12,15.454545454545455,3,0,10,1,0,0,0,0,11,5.565023196281405,3.1192792207792204,2.0,0.5929203539823009,67,113,5.7689047365791595
10,5.035578947368421,10.555555555555555,4.442105263157894,539,6.848421052631579,6.9332789473684215,11.0,4.138157894736846,82.3146052631579,5.484210526315789,1.0,0.0,0.0,0.0,4.45,0.15789473684210525,16,12.8,4,1,7,1,0,0,2,0,9,7.908726449838941,3.264815789473684,4.0,0.7157894736842105,68,95,5.919598371374976
11,5.016170212765957,9.0,4.466666666666667,527,6.34893617021277,8.134229361702129,10.0,3.3908936170212804,87.49400000000001,5.036595744680851,1.0,0.0,0.0,0.0,4.0,0.17777777777777778,10,12.7,11,0,9,1,0,0,0,0,10,6.2581,3.2622723404255316,5.0,0.7555555555555555,68,90,5.963966707392709
12,4.144754385964912,8.0,4.395833333333333,530,5.920000000000002,7.020956140350877,12.0,3.769078947368424,82.14063596491229,6.9561403508771935,1.0,0.0,0.0,0.0,3.708333333333333,0.1875,10,10.333333333333334,1,1,10,1,0,0,0,0,12,8.07648339933343,3.222618421052631,3.0,0.6145833333333334,59,96,5.6302881205988164
13,4.770151515151515,8.25,4.525252525252525,562,6.27272727272727,6.916609090909091,10.0,3.3608333333333356,85.66125000000002,5.724242424242425,1.0,0.0,0.0,0.0,3.708333333333333,0.21212121212121213,10,11.333333333333334,4,0,11,1,0,0,0,0,12,7.492282038375204,2.870936868686868,5.0,0.6666666666666666,66,99,5.735381938624884
14,5.731280701754386,7.916666666666667,4.7368421052631575,562,7.873684210526317,9.01548245614035,15.0,5.259605263157898,71.45432017543861,8.640350877192983,0.0,0.0,0.0,0.0,4.458333333333333,0.2736842105263158,9,10.75,6,0,11,1,0,0,0,0,12,10.125756701596842,3.8563026315789473,4.0,0.6526315789473685,62,95,5.767341598251711
15,4.222808586762078,6.6923076923076925,4.494252873563219,493,6.0279069767441875,7.820320751341682,6.0,3.0434883720930266,85.02503577817535,4.971735241502683,0.0,0.0,0.0,0.0,3.0,0.1724137931034483,9,8.76923076923077,3,0,12,1,0,0,0,0,13,7.882392219407189,2.6717692307692307,2.0,0.632183908045977,55,87,5.566338179682171
16,3.712247191011233,8.9,4.213483146067416,479,5.116853932584274,8.868164719101124,16.0,3.9236966292134845,82.78352247191013,5.3577528089887645,0.0,0.0,0.0,0.0,3.95,0.14606741573033707,10,12.3,6,0,9,1,0,0,0,0,10,7.168621630094336,3.736596629213483,3.0,0.6741573033707865,60,89,5.64271134683811
17,4.689110251450678,8.636363636363637,4.3052631578947365,529,5.972340425531918,8.59578007736944,17.0,4.940599613152806,74.86136363636368,6.396905222437137,0.0,0.0,0.0,0.0,3.909090909090909,0.2,11,11.909090909090908,8,0,10,1,0,0,0,0,11,7.686295010490155,3.9651856866537716,4.0,0.7263157894736842,69,95,5.8225533087552535
18,3.7506521739130463,9.2,4.25,495,5.380434782608692,6.838906956521739,7.0,3.6458260869565216,85.3100434782609,6.723478260869566,0.0,0.0,0.0,0.0,4.4,0.14130434782608695,11,12.8,1,0,9,1,0,0,0,0,10,8.238735603445708,3.0709826086956515,3.0,0.5978260869565217,55,92,5.57085825505979
19,4.73855769230769,11.555555555555555,4.298076923076923,567,6.003846153846155,7.796186153846154,11.0,4.123692307692309,84.0213076923077,6.8523076923076935,0.0,0.0,0.0,0.0,4.8,0.125,18,14.6,2,0,9,1,0,1,4,0,9,8.548686976883017,3.297707692307692,4.0,0.6442307692307693,67,104,5.75521123233534
20,6.238833883388338,11.222222222222221,4.534653465346534,573,7.518811881188125,8.414211331133114,16.0,5.026270627062704,79.01474147414744,6.865126512651265,0.0,0.0,0.0,0.0,5.333333333333333,0.16831683168316833,17,15.0,6,0,8,1,0,0,0,0,9,8.167268648758528,4.209452145214521,7.0,0.693069306930693,70,101,5.892032492798783
21,3.9633527939949964,9.909090909090908,4.192660550458716,583,5.370642201834865,7.749550542118432,13.0,5.054361968306921,76.47452043369476,6.165471226021684,0.0,0.0,0.0,0.0,4.4,0.14678899082568808,14,13.727272727272727,1,0,10,1,0,0,4,0,11,7.348242739294969,3.4985671392827355,4.0,0.6238532110091743,68,109,5.800827128481292
22,5.273963963963965,12.333333333333334,4.18018018018018,594,6.045045045045043,7.662287387387387,9.0,4.5281081081081105,84.56531531531532,6.374774774774775,0.0,0.0,0.0,0.0,5.625,0.16216216216216217,16,17.444444444444443,3,0,8,1,4,0,4,0,9,7.3871296695380915,3.5077297297297294,5.0,0.5765765765765766,64,111,5.663344920209253
23,5.1199242424242435,12.375,4.222222222222222,526,6.296969696969697,8.875653535353536,15.0,5.207967171717176,79.76528409090912,7.77828282828283,0.0,0.0,0.0,0.0,6.0625,0.18181818181818182,18,17.625,2,0,7,1,0,0,0,0,8,8.472884824447931,4.408117424242423,5.0,0.5656565656565656,56,99,5.553824681543701
24,3.6006896551724097,8.7,4.252873563218391,468,5.331034482758621,7.697905057471265,7.0,3.6719655172413788,84.23208620689657,4.399540229885058,0.0,0.0,0.0,0.0,3.8499999999999996,0.16091954022988506,9,12.1,2,0,9,1,0,0,0,0,10,7.168621630094336,3.3507574712643673,3.0,0.7241379310344828,63,87,5.816169645124811
25,5.575714285714284,10.5,4.514285714285714,589,7.453333333333333,8.668728571428572,14.0,5.362142857142857,75.32035714285716,7.628571428571428,0.0,0.0,0.0,0.0,5.2,0.17142857142857143,13,14.9,1,0,8,1,0,0,0,0,10,9.3871,3.7937857142857143,4.0,0.6285714285714286,66,105,5.770829803133155
26,6.168554006968641,11.428571428571429,4.5625,462,7.782500000000002,7.163982142857143,12.0,5.977142857142855,72.56500000000003,8.571428571428573,0.0,0.0,0.0,0.0,5.857142857142857,0.2125,18,15.857142857142858,3,0,6,1,0,0,4,0,7,9.236282656511921,3.955428571428571,5.0,0.675,54,80,5.507412351653236
27,2.6573859649122795,9.5,4.063157894736842,503,3.7831578947368456,6.02369298245614,5.0,1.9059210526315802,95.4985307017544,4.429824561403509,0.0,0.0,0.0,0.0,3.291666666666667,0.07368421052631578,13,11.5,4,0,11,1,0,1,4,0,10,6.42735559955562,2.498407894736842,2.0,0.5368421052631579,51,95,5.380448045597358
28,2.7693181818181785,8.454545454545455,4.032258064516129,482,3.9869565217391276,7.3123146245059285,8.0,2.67833992094862,90.75677865612649,5.084584980237154,1.0,0.0,0.0,0.0,3.6363636363636367,0.15053763440860216,11,12.181818181818182,4,0,10,1,0,0,0,0,11,6.980632752743321,3.1400118577075093,2.0,0.6236559139784946,58,93,5.6252478599285585
29,4.587205128205127,8.545454545454545,4.329787234042553,520,5.831111111111113,8.54144017094017,9.0,2.0566666666666684,92.64807692307694,3.658119658119658,0.0,0.0,0.0,0.0,2.6923076923076925,0.13829787234042554,18,9.153846153846153,3,0,0,1,0,0,4,0,11,5.873414542411695,2.866264957264957,4.0,0.5851063829787234,55,94,5.475864485547237
30,1.9410118577075082,10.090909090909092,3.8378378378378377,557,2.853913043478258,7.175741106719368,5.0,1.9290118577075113,99.85320158102766,4.8774703557312264,0.0,0.0,0.0,0.0,4.2,0.07207207207207207,12,15.909090909090908,2,0,10,1,0,0,0,0,11,6.112484441749459,2.761786561264822,1.0,0.5945945945945946,66,111,5.743935155231838
31,1.6792307692307702,8.461538461538462,3.827272727272727,561,2.522522522522525,6.4782959805959806,8.0,1.985045045045048,96.03873180873181,5.217186417186418,0.0,0.0,0.0,0.0,3.583333333333333,0.07272727272727272,12,12.692307692307692,5,0,8,1,0,1,0,0,13,6.67199483983844,2.6627428967428965,1.0,0.6,66,110,5.743587186993558
32,5.6134234234234235,12.11111111111111,4.36697247706422,602,6.672072072072073,9.08480990990991,21.0,5.5911711711711725,76.94369369369369,8.536936936936938,0.0,1.0,0.0,0.0,6.375,0.1651376146788991,18,17.11111111111111,5,0,8,1,0,0,0,0,9,9.444778638647367,4.282504504504504,5.0,0.6972477064220184,76,109,5.992685930162423
33,1.1363095238095262,7.857142857142857,3.690909090909091,536,2.112962962962964,5.6273693121693125,4.0,0.42042328042328236,105.78833333333334,4.196825396825397,0.0,0.0,0.0,0.0,3.5,0.02727272727272727,11,11.5,7,0,9,1,0,2,0,0,14,6.18269132825596,2.245232804232804,5.0,0.509090909090909,56,110,5.281690502382888
34,3.521840277777777,10.555555555555555,4.063157894736842,496,4.840000000000003,7.982897660818713,10.0,3.4319298245614043,89.2579532163743,5.485380116959064,0.0,0.0,0.0,0.0,4.611111111111111,0.1368421052631579,14,14.777777777777779,3,0,8,1,0,0,2,0,9,6.42735559955562,3.5947017543859645,4.0,0.6105263157894737,58,95,5.541533666523464
35,4.3214662756598266,8.454545454545455,4.440860215053763,517,6.455913978494625,9.828533626588467,18.0,4.328778103616816,79.08589442815249,7.252785923753667,0.0,1.0,0.0,0.0,4.2272727272727275,0.22580645161290322,11,12.0,1,0,10,1,0,0,0,0,11,8.841846274778883,3.9730263929618768,3.0,0.6129032258064516,57,93,5.483901117694939
36,4.7179,10.1,4.297029702970297,548,6.411999999999999,9.1853,15.0,5.302000000000003,74.86100000000002,8.8,0.0,0.0,0.0,0.0,5.2,0.1485148514851485,18,14.5,4,0,9,1,0,0,0,0,10,9.3871,4.313000000000001,4.0,0.6138613861386139,62,101,5.660479800245191
37,5.381915708812262,9.555555555555555,4.558139534883721,497,7.4046511627906995,10.53661834625323,21.0,6.522713178294577,65.31750645994833,7.078036175710594,0.0,0.0,0.0,0.0,4.666666666666667,0.20930232558139536,13,13.444444444444445,5,0,4,3,0,0,0,0,9,8.515128840125781,4.786333333333333,6.0,0.6744186046511628,58,86,5.568236267006506
38,8.069090909090907,10.0,4.96,614,10.151515151515152,10.18834808080808,26.0,6.626555555555559,65.18650000000002,7.192323232323233,0.0,0.0,0.0,0.0,4.85,0.28,12,12.2,9,0,9,1,0,0,0,0,10,8.548686976883017,4.927829292929292,7.0,0.67,67,100,5.797822600433447
39,5.709443413729126,8.909090909090908,4.653061224489796,570,7.806122448979597,8.428697031539889,14.0,4.380463821892395,79.52492578849723,5.196289424860854,0.0,0.0,0.0,0.0,4.0,0.19387755102040816,12,11.272727272727273,5,0,11,2,0,0,0,0,11,7.348242739294969,3.5870185528756955,3.0,0.6632653061224489,65,98,5.810689563304277
40,3.7452545454545465,9.181818181818182,4.217821782178218,537,5.478000000000005,8.508609090909092,13.0,4.829454545454546,76.62972727272731,8.036363636363637,0.0,0.0,0.0,0.0,4.7272727272727275,0.12871287128712872,12,13.090909090909092,0,0,8,1,0,0,0,0,11,9.339509955726097,3.6688181818181813,4.0,0.6039603960396039,61,101,5.6742107106205655
41,3.3998571428571402,8.75,4.228571428571429,560,5.287619047619049,7.8300238095238095,12.0,4.117738095238099,81.12517857142859,7.30952380952381,0.0,0.0,0.0,0.0,4.083333333333333,0.17142857142857143,11,12.583333333333334,0,0,11,1,0,0,0,0,12,8.841846274778883,3.3013214285714283,3.0,0.5238095238095238,55,105,5.45405718476325
42,3.257917888563046,8.454545454545455,4.172043010752688,498,4.772043010752689,7.960899217986315,7.0,4.201896383186707,79.99557184750734,5.532355816226785,1.0,0.0,0.0,0.0,3.7727272727272725,0.17204301075268819,11,11.818181818181818,5,0,2,2,0,0,0,0,11,7.348242739294969,3.695607038123167,3.0,0.6021505376344086,56,93,5.468989053738887
43,6.986907756813416,15.142857142857142,4.537735849056604,612,7.896226415094343,8.093696645702305,12.0,6.1467295597484295,71.97112159329143,7.729979035639414,0.0,1.0,0.0,0.0,5.777777777777778,0.24528301886792453,21,16.666666666666668,12,0,0,1,0,1,4,0,7,9.444778638647367,4.122308176100629,6.0,0.5566037735849056,59,106,5.464297216667529
44,5.463440860215055,15.5,4.43010752688172,521,7.0301075268817215,8.563441935483873,15.0,5.188387096774196,76.26924731182795,6.283870967741937,0.0,0.0,0.0,0.0,5.055555555555555,0.1827956989247312,24,14.0,1,0,0,1,0,1,6,0,6,8.515128840125781,3.775569892473118,4.0,0.6666666666666666,62,93,5.779705149999529
45,2.5766981132075486,13.25,3.792452830188679,530,3.294339622641509,5.502920377358491,5.0,2.3477735849056636,97.10996226415098,4.9947169811320755,0.0,0.0,0.0,0.0,4.4,0.09433962264150944,28,15.6,5,0,6,4,0,3,4,0,8,6.742157984588678,2.73926037735849,2.0,0.6226415094339622,66,106,5.805520100687564
46,2.693625285605485,7.769230769230769,4.148514851485149,534,4.221782178217822,5.897893450114243,10.0,3.212277227722776,85.87002284843871,4.691850723533892,0.0,0.0,0.0,0.0,3.230769230769231,0.10891089108910891,10,11.153846153846153,2,0,12,1,0,1,0,0,13,6.67199483983844,2.871095201827875,2.0,0.6534653465346535,66,101,5.717036730019501
47,5.268909090909091,8.181818181818182,4.666666666666667,521,7.262222222222221,7.375762626262626,14.0,5.825353535353539,67.87045454545455,6.383838383838384,0.0,0.0,0.0,0.0,3.909090909090909,0.17777777777777778,9,11.545454545454545,1,0,10,1,0,0,0,0,11,8.296473431620573,3.425969696969697,5.0,0.7222222222222222,65,90,5.769235735889037
48,2.880763239875389,13.375,3.953271028037383,557,3.4841121495327094,6.292318068535826,8.0,2.444509345794394,93.41822819314643,5.4358255451713395,0.0,0.0,0.0,0.0,3.75,0.102803738317757,34,13.5,8,0,0,1,0,1,8,0,8,7.492282038375204,2.819614485981308,2.0,0.4953271028037383,53,107,5.382371864881876
49,6.337839783978396,10.4,4.5576923076923075,597,8.08118811881188,7.531324122412242,16.0,5.632493249324934,71.03426642664269,6.445004500450046,0.0,0.0,0.0,0.0,4.363636363636363,0.16346153846153846,13,12.181818181818182,7,0,9,1,0,1,2,0,10,8.296473431620573,3.6663096309630965,5.0,0.7019230769230769,73,104,5.998328660365574
50,16.254568965517244,29.25,4.735042735042735,686,10.82931034482759,10.519727586206898,29.0,13.114827586206896,52.68793103448279,15.39310344827586,0.0,0.0,0.0,0.0,14.5,0.2564102564102564,31,40.5,12,0,0,1,0,0,0,0,4,12.602617957971052,7.077999999999999,12.0,0.717948717948718,84,117,5.969151605085763
51,19.664285714285718,31.5,5.253968253968254,803,13.595238095238095,12.216677777777777,43.0,16.455317460317463,33.19107142857143,18.94920634920635,0.0,0.0,0.0,0.0,23.333333333333332,0.3492063492063492,35,42.5,12,0,0,1,0,0,0,0,4,16.218646115125612,8.283674603174603,15.0,0.7063492063492064,89,126,6.059569576109721
52,25.06791348600509,43.666666666666664,5.114503816793893,816,13.186259541984732,11.949618575063614,41.0,21.34687022900764,19.79119592875321,24.489567430025446,0.0,0.0,0.0,0.0,22.666666666666668,0.29770992366412213,52,60.333333333333336,13,0,0,1,0,0,0,0,3,19.287186520377343,9.753251908396946,12.0,0.648854961832061,85,131,5.809805112943261
53,16.5054132231405,30.75,4.642276422764228,706,10.591735537190083,10.095742975206612,26.0,13.566177685950418,51.67835743801656,15.736363636363638,0.0,0.0,0.0,0.0,19.333333333333332,0.22764227642276422,45,41.75,9,0,0,1,0,0,0,0,4,13.023866798666859,7.0943326446281,9.0,0.6747967479674797,83,123,5.855917070750596
54,21.486242937853113,38.333333333333336,5.060869565217391,712,12.730434782608697,11.441920289855073,40.0,19.471304347826088,23.73884057971017,21.246376811594203,0.0,0.0,0.0,0.0,22.333333333333332,0.3391304347826087,43,53.666666666666664,7,0,0,1,0,0,0,0,3,18.243605946275583,9.235304347826087,17.0,0.7217391304347827,83,115,6.046807690666425
55,20.188278688524584,30.5,5.5,804,15.129508196721314,12.138316393442622,48.0,18.550901639344264,16.38569672131149,22.691803278688525,0.0,0.0,0.0,0.0,18.75,0.4016393442622951,33,42.0,8,0,0,1,0,0,0,0,4,19.287186520377343,8.593598360655736,17.0,0.6885245901639344,84,122,5.945517485936759
56,21.259999999999998,32.333333333333336,5.412371134020619,639,14.93333333333333,11.802866666666667,34.0,17.785833333333333,24.542500000000047,19.46666666666667,0.0,0.0,0.0,0.0,22.0,0.41237113402061853,38,42.666666666666664,13,1,0,1,0,0,1,0,3,17.122413403193683,8.486416666666667,17.0,0.7319587628865979,71,97,5.804435940550734
57,16.808490566037733,26.0,5.3173076923076925,673,13.846153846153843,12.061965384615386,37.0,15.653846153846157,29.141153846153884,17.323076923076922,0.0,0.0,0.0,0.0,17.5,0.38461538461538464,31,36.5,9,0,0,1,0,0,0,0,4,16.218646115125612,7.729999999999999,16.0,0.7019230769230769,73,104,5.822706905495474
58,19.236588785046727,26.75,5.644859813084112,726,15.671028037383184,12.48937476635514,46.0,16.898574766355143,21.552908878504695,19.2981308411215,0.0,0.0,0.0,0.0,18.25,0.38317757009345793,33,36.75,12,0,0,1,0,0,0,0,4,17.122413403193683,8.307946261682243,17.0,0.7476635514018691,80,107,5.95097097875637
59,18.624739130434783,28.75,5.3130434782608695,741,13.935652173913041,10.417369565217392,33.0,15.73380434782609,33.4659239130435,17.76086956521739,0.0,0.0,0.0,0.0,16.25,0.3391304347826087,34,39.5,12,0,0,1,0,0,0,0,4,15.579741850924794,7.435358695652173,15.0,0.6869565217391305,79,115,5.79510755077506
60,17.27722222222223,27.0,5.185185185185185,685,13.124074074074077,11.116255555555554,34.0,14.825185185185187,36.863333333333344,18.20740740740741,0.0,0.0,0.0,0.0,17.5,0.3055555555555556,41,37.0,13,0,0,1,0,0,0,0,4,16.52667757954773,7.433037037037037,16.0,0.6851851851851852,74,108,5.7120246273200355
61,17.026090909090904,27.5,5.109090909090909,686,12.756363636363641,11.316500000000001,35.0,13.800454545454546,45.10068181818184,17.545454545454543,0.0,0.0,0.0,0.0,16.5,0.3181818181818182,31,38.0,11,0,0,1,0,0,0,0,4,15.247664890283005,7.452863636363636,16.0,0.7090909090909091,78,110,5.838425400680191
62,16.784354838709675,31.0,4.709677419354839,721,10.56129032258065,11.15901935483871,36.0,14.580645161290324,45.74096774193549,17.883870967741938,0.0,0.0,0.0,0.0,16.25,0.27419354838709675,38,43.5,9,0,0,1,0,0,0,0,4,14.90622815163357,7.776129032258064,10.0,0.75,93,124,6.261532476419691
63,21.920476190476187,35.0,5.3619047619047615,684,14.744230769230768,12.643658974358974,40.0,18.693461538461538,22.784871794871805,23.097435897435897,0.0,0.0,0.0,0.0,24.0,0.34285714285714286,43,46.333333333333336,12,0,0,1,0,0,0,0,3,19.287186520377343,9.365461538461537,17.0,0.8,84,105,6.223922246662656
64,20.70255952380952,37.666666666666664,4.831858407079646,669,11.630357142857143,11.409483333333334,31.0,16.670000000000005,42.04166666666667,18.861904761904764,0.0,0.0,0.0,0.0,19.333333333333332,0.25663716814159293,47,50.333333333333336,7,0,0,1,0,0,0,0,3,14.06817628641468,8.483357142857143,10.0,0.6991150442477876,79,113,5.919748821159839
65,13.437368421052632,22.8,4.885964912280702,681,11.138596491228068,10.307730877192983,32.0,11.830070175438596,50.85615789473687,12.628771929824563,0.0,0.0,0.0,0.0,12.0,0.2894736842105263,26,31.4,6,0,0,1,0,0,0,0,5,12.340626583579944,6.467835087719298,11.0,0.7456140350877193,85,114,6.0973771068668094
66,15.634913043478257,28.75,4.721739130434782,668,10.455652173913041,10.96658695652174,28.0,13.271195652173912,51.12157608695654,17.065217391304348,0.0,0.0,0.0,0.0,16.0,0.2956521739130435,31,40.25,6,0,0,1,0,0,0,0,4,14.554592549557764,7.136228260869565,15.0,0.6782608695652174,78,115,5.829587821864924
67,20.691750000000006,30.25,5.586776859504132,810,15.838333333333331,13.282666666666666,51.0,18.235000000000003,17.76000000000002,21.333333333333332,0.0,0.0,0.0,0.0,18.0,0.38016528925619836,33,39.75,10,0,0,1,0,0,0,0,4,18.243605946275583,9.010666666666667,17.0,0.6859504132231405,83,121,5.95712456915621
68,17.30842857142857,26.25,5.304761904761905,675,13.84,11.555261904761906,36.0,14.763690476190476,35.9683928571429,17.738095238095237,0.0,0.0,0.0,0.0,17.25,0.3047619047619048,32,35.25,10,0,0,1,0,0,0,0,4,15.903189008614273,7.488821428571429,16.0,0.7523809523809524,79,105,5.860694003925345
69,21.035833333333336,36.333333333333336,5.036697247706422,668,12.86111111111111,11.416451851851852,31.0,17.679629629629634,32.42833333333337,20.32592592592593,0.0,0.0,0.0,0.0,22.0,0.30275229357798167,39,49.0,8,0,0,1,0,0,0,0,3,17.122413403193683,8.463148148148148,17.0,0.6880733944954128,75,109,5.816535843226296
70,19.725,30.5,5.385245901639344,792,14.463934426229507,12.526595081967214,50.0,18.550901639344264,16.38569672131149,22.36393442622951,0.0,0.0,0.0,0.0,19.25,0.3770491803278688,36,42.75,10,0,0,1,0,0,0,0,4,19.032712561301913,8.875565573770492,17.0,0.680327868852459,83,122,5.851481278995907
71,17.788050847457626,29.5,5.076271186440678,730,12.589830508474577,11.121310169491526,34.0,16.015000000000004,32.78572033898308,18.918644067796613,0.0,0.0,0.0,0.0,22.666666666666668,0.288135593220339,36,41.25,10,0,0,1,0,0,0,0,4,16.827784334635936,7.6951101694915245,16.0,0.7288135593220338,86,118,6.126216092021322
72,16.87836,31.25,4.688,726,10.396800000000002,9.98666,31.0,14.911100000000001,43.81705000000002,17.3,0.0,0.0,0.0,0.0,20.333333333333332,0.264,50,44.5,12,0,0,1,0,0,0,0,4,14.191785591663535,7.4468499999999995,9.0,0.688,86,125,6.061521736846098
73,19.808461538461536,39.0,4.495726495726496,656,9.466666666666669,9.889532478632479,26.0,17.975555555555562,35.650000000000006,21.070085470085473,0.0,0.0,0.0,0.0,32.5,0.23076923076923078,50,56.333333333333336,11,0,0,1,0,0,0,0,3,16.32212239822248,8.322615384615384,8.0,0.6923076923076923,81,117,5.969646104324823
74,13.480256410256409,19.5,5.205128205128205,741,12.723076923076931,12.161306837606837,44.0,11.98423076923077,43.87326923076927,14.637606837606837,0.0,0.0,0.0,0.0,13.2,0.3504273504273504,26,27.0,10,0,0,1,0,0,0,0,6,13.5591,7.043200854700855,12.0,0.6666666666666666,78,117,5.715683095281958
75,21.371102941176467,34.25,5.2846715328467155,880,14.163235294117648,11.940767647058825,42.0,17.539117647058827,29.873529411764736,21.247058823529414,0.0,0.0,0.0,0.0,24.333333333333332,0.26277372262773724,38,45.5,16,0,0,1,0,0,0,0,4,17.693802365651003,8.288882352941176,17.0,0.7007299270072993,96,137,6.126577263656383
76,17.343807339449548,27.25,5.18348623853211,690,13.071559633027526,11.941494495412844,40.0,15.389793577981653,33.260653669724775,18.239449541284404,0.0,0.0,0.0,0.0,17.0,0.3119266055045872,30,37.25,13,0,0,1,0,0,0,0,4,15.903189008614273,7.995011467889908,16.0,0.6788990825688074,74,109,5.8828311737308905
77,18.768499999999996,30.0,5.216666666666667,761,13.421666666666663,10.651,33.0,15.973333333333333,33.97500000000002,18.333333333333336,0.0,0.0,0.0,0.0,22.666666666666668,0.3416666666666667,40,42.25,12,0,0,1,0,0,0,0,4,15.903189008614273,7.5056666666666665,15.0,0.7,84,120,5.953852862470183
78,22.508606060606063,36.666666666666664,5.290909090909091,707,13.869090909090911,12.919530303030303,39.0,17.80454545454545,32.72015151515154,19.757575757575758,0.0,0.0,0.0,0.0,22.0,0.3090909090909091,43,48.0,13,0,0,1,0,0,0,0,3,16.32212239822248,9.05809090909091,17.0,0.7454545454545455,82,110,6.023322640931441
79,18.650750000000002,30.0,5.175,758,12.986666666666668,12.23,41.0,14.89166666666667,41.73000000000005,17.0,0.0,0.0,0.0,0.0,22.0,0.31666666666666665,39,39.25,14,0,0,1,0,0,0,0,4,14.90622815163357,8.150666666666666,14.0,0.7,84,120,6.001598584368393
80,18.41237704918033,30.5,5.114754098360656,758,12.89508196721312,11.232332786885246,43.0,15.842704918032787,35.80209016393442,18.757377049180327,0.0,0.0,0.0,0.0,16.5,0.3442622950819672,34,42.75,9,0,0,1,0,0,0,0,4,16.218646115125612,8.170647540983605,15.0,0.7131147540983607,87,122,5.924761469094029
81,15.325566037735847,26.75,4.831775700934579,634,11.371698113207543,11.207315094339624,35.0,13.780849056603774,43.46014150943398,16.637735849056607,0.0,0.0,0.0,0.0,16.5,0.2523364485981308,38,38.0,7,0,0,1,0,0,0,0,4,14.554592549557764,7.415122641509434,10.0,0.7476635514018691,80,107,5.902453551720611
82,21.74074803149606,32.0,5.6171875,862,16.05826771653543,12.298150393700787,45.0,17.7909251968504,24.06071850393704,21.518897637795277,0.0,0.0,0.0,0.0,23.333333333333332,0.3984375,42,42.75,12,0,0,1,0,0,0,0,4,18.243605946275583,8.633860236220473,17.0,0.6953125,89,128,6.018424489559033
83,18.625810810810812,28.0,5.339285714285714,727,14.275675675675679,11.556503603603604,40.0,14.89916666666667,37.66875000000002,16.14504504504505,0.0,0.0,0.0,0.0,15.75,0.3392857142857143,34,36.0,14,0,0,1,0,0,0,0,4,13.81666964889586,7.928326576576577,13.0,0.7589285714285714,85,112,6.059896379108756
84,12.799428571428571,21.0,4.866666666666666,633,11.017142857142858,9.791052380952381,28.0,11.367619047619048,50.96571428571431,13.352380952380953,0.0,0.0,0.0,0.0,12.4,0.2761904761904762,29,29.2,13,0,0,1,0,0,0,0,5,12.68835289967788,6.175238095238095,12.0,0.6857142857142857,72,105,5.82702156056068
85,17.468728813559323,29.5,5.0,722,12.147457627118644,10.58605593220339,30.0,14.315000000000001,44.973855932203406,17.223728813559323,0.0,0.0,0.0,0.0,15.25,0.288135593220339,33,41.25,11,0,0,1,0,0,0,0,4,15.247664890283005,7.184940677966102,14.0,0.6949152542372882,82,118,5.9288690032263816
86,18.95239130434782,29.25,5.3076923076923075,749,14.389565217391304,12.476934782608696,37.0,15.836413043478263,32.730271739130444,19.5,0.0,0.0,0.0,0.0,17.0,0.3162393162393162,34,37.75,8,0,0,1,0,0,0,0,4,16.827784334635936,7.958836956521738,16.0,0.7435897435897436,87,117,6.030495809271521
87,16.453421052631576,22.8,5.526315789473684,754,14.95438596491228,12.108344912280701,44.0,14.417789473684213,32.3035263157895,19.99719298245614,0.0,0.0,0.0,0.0,15.6,0.40350877192982454,29,31.6,6,0,0,1,0,0,0,0,5,17.353723509956247,7.448536842105263,14.0,0.6929824561403509,79,114,5.795590896393932
88,22.58057142857143,35.0,5.523809523809524,695,15.337142857142858,11.688500000000001,37.0,18.85047619047619,22.252857142857152,21.61904761904762,0.0,0.0,0.0,0.0,23.666666666666668,0.3619047619047619,41,46.666666666666664,8,0,0,1,0,0,0,0,3,18.946978176291534,8.80447619047619,17.0,0.7428571428571429,78,105,5.925731350814016
89,22.91111111111111,36.0,5.435185185185185,711,14.794444444444448,11.855062962962963,35.0,19.20925925925926,21.4616666666667,23.65925925925926,0.0,0.0,0.0,0.0,24.0,0.32407407407407407,40,47.333333333333336,14,0,0,1,0,0,0,0,3,19.946969662950774,8.781666666666666,17.0,0.75,81,108,5.982812706003707
90,18.106259842519684,32.25,4.821705426356589,764,11.674015748031497,11.552166141732283,39.0,15.83974409448819,38.04969488188979,18.054330708661418,0.0,0.0,0.0,0.0,15.75,0.27906976744186046,39,44.5,10,0,0,1,0,0,0,0,4,15.247664890283005,8.024411417322835,15.0,0.7131782945736435,92,129,6.109131295405233
91,17.00460176991151,23.6,5.364406779661017,763,15.380530973451332,11.324982123893806,38.0,15.570902654867258,23.6800707964602,19.659469026548678,0.0,0.0,0.0,0.0,14.8,0.3135593220338983,28,31.4,8,0,0,1,0,0,0,0,5,17.122413403193683,7.145953982300885,14.0,0.6694915254237288,79,118,5.702462491632408
92,18.819140624999996,32.0,5.0546875,786,12.546875,11.761746875,41.0,16.433750000000007,34.23625000000004,19.05,0.0,0.0,0.0,0.0,21.666666666666668,0.2734375,43,44.5,8,0,0,1,0,0,0,0,4,15.903189008614273,8.374437499999999,15.0,0.65625,84,128,5.958411620840218
93,19.2395,30.0,5.308333333333334,773,13.808333333333334,12.098416666666667,41.0,16.661666666666672,29.04000000000002,20.66666666666667,0.0,0.0,0.0,0.0,17.75,0.36666666666666664,34,40.75,13,0,0,1,0,0,0,0,4,17.693802365651003,8.222333333333333,16.0,0.6916666666666667,83,120,5.901705821981028
94,25.219378531073446,39.333333333333336,5.5423728813559325,793,15.494915254237291,12.813365536723165,46.0,21.950000000000006,7.748954802259902,25.90282485875706,0.0,0.0,0.0,0.0,25.666666666666668,0.4067796610169492,56,54.0,18,0,0,1,0,0,0,0,3,21.493009986710348,10.02906779661017,17.0,0.6949152542372882,82,118,5.918216322524005
95,17.173857142857145,26.25,5.20952380952381,672,13.121904761904759,12.45754761904762,40.0,14.426547619047621,38.38553571428574,17.357142857142858,0.0,0.0,0.0,0.0,16.75,0.3142857142857143,31,36.5,16,0,0,1,0,0,0,0,4,15.247664890283005,7.898345238095239,16.0,0.6952380952380952,73,105,5.775938376164408
96,15.228974358974362,23.4,5.153846153846154,736,12.67863247863248,11.140131452991454,38.0,12.496683760683762,47.14553846153848,14.830085470085471,0.0,0.0,0.0,0.0,16.25,0.3247863247863248,30,32.4,12,0,0,1,0,0,0,0,5,13.348371206891418,7.078570940170939,12.0,0.7008547008547008,82,117,5.878774869745769
97,18.72732142857143,28.0,5.410714285714286,733,14.369642857142857,12.638335714285715,44.0,15.874642857142856,31.12035714285716,19.414285714285715,0.0,0.0,0.0,0.0,17.5,0.3392857142857143,32,38.5,12,0,0,1,0,0,0,0,4,16.827784334635936,8.242357142857143,17.0,0.7142857142857143,80,112,5.941339578667506
98,21.129189189189184,37.0,4.972972972972973,677,12.138738738738738,12.299808108108108,35.0,17.975135135135137,32.09081081081081,21.28648648648649,0.0,0.0,0.0,0.0,22.0,0.3063063063063063,48,50.666666666666664,12,0,0,1,0,0,0,0,3,17.122413403193683,8.84518918918919,11.0,0.7027027027027027,78,111,5.827539176868557
99,20.168867924528307,27.0,5.7592592592592595,743,17.062264150943395,13.59071132075472,50.0,17.78839622641509,14.728066037735857,21.543396226415098,0.0,0.0,0.0,0.0,19.5,0.4537037037037037,31,34.25,10,0,0,1,0,0,0,0,4,18.511140095513987,8.8755,17.0,0.75,81,108,6.036518901001672
100,5.091707317073173,15.375,4.154471544715447,654,5.842276422764229,6.300563739837399,6.0,4.26878861788618,86.36513414634149,6.220813008130082,0.0,0.0,0.0,0.0,5.0,0.13008130081300814,30,17.4,7,1,0,1,0,0,4,0,8,7.554174236665414,3.272486991869919,5.0,0.5934959349593496,73,123,5.876185111062236
101,7.558594470046085,17.714285714285715,4.161290322580645,653,6.570967741935487,6.170531797235023,7.0,6.1637327188940105,82.4227419354839,7.730875576036867,0.0,0.0,0.0,0.0,8.5,0.12096774193548387,28,25.142857142857142,7,0,0,1,0,0,0,0,7,8.841846274778883,3.891552995391705,7.0,0.5483870967741935,68,124,5.731430915687023
102,9.198808243727598,13.777777777777779,4.903225806451613,748,10.303225806451614,9.79544229390681,34.0,9.101075268817208,54.352168458781364,10.027240143369177,0.0,0.0,0.0,0.0,7.0,0.23387096774193547,20,18.444444444444443,6,0,0,1,0,1,2,0,9,11.20814326018867,5.278440860215053,9.0,0.7258064516129032,90,124,6.245195125218378
103,5.619202020202021,22.4,4.133928571428571,598,5.874545454545455,6.970085858585859,10.0,5.0530303030303045,80.60398989898991,7.07070707070707,0.0,0.0,0.0,0.0,5.444444444444445,0.13392857142857142,35,17.11111111111111,7,2,0,1,0,3,8,0,5,8.515128840125781,3.7350606060606055,5.0,0.6160714285714286,69,112,5.919997082903549
104,6.2972367149758455,12.777777777777779,4.4,635,7.151304347826088,6.467147342995169,12.0,5.605507246376813,77.6325120772947,8.58937198067633,0.0,0.0,0.0,0.0,5.666666666666667,0.13043478260869565,23,18.0,6,0,0,1,0,1,0,0,9,9.150863307647796,3.6128405797101446,5.0,0.6434782608695652,74,115,5.879458886337411
105,12.328623853211006,21.8,4.770642201834862,637,10.405504587155963,8.918789174311927,19.0,10.124844036697251,61.30066055045873,13.490642201834863,1.0,0.0,0.0,0.0,12.4,0.23853211009174313,26,29.8,4,0,0,1,0,0,0,0,5,12.68835289967788,5.490781651376146,12.0,0.6513761467889908,71,109,5.871024233567561
106,5.7307288888888905,17.714285714285715,4.169354838709677,662,6.093548387096778,7.121329390681003,11.0,5.009139784946239,83.68926523297492,8.736917562724015,0.0,1.0,0.0,0.0,6.25,0.14516129032258066,29,18.555555555555557,7,0,0,1,0,1,4,0,7,9.444778638647367,3.8219892473118278,5.0,0.6370967741935484,79,124,6.00936957251533
107,8.375541871921179,23.2,4.413793103448276,645,7.863793103448277,8.405942857142858,15.0,7.046995073891626,74.05465517241382,11.111330049261085,0.0,0.0,0.0,0.0,10.166666666666666,0.15517241379310345,37,22.428571428571427,7,0,0,1,0,1,4,0,5,11.20814326018867,4.584192118226602,7.0,0.7155172413793104,83,116,6.172774586029606
108,9.56048872180451,16.285714285714285,4.7368421052631575,666,9.550877192982455,8.461025814536342,21.0,8.461428571428574,63.405000000000015,10.724812030075189,0.0,0.0,0.0,0.0,7.857142857142858,0.22807017543859648,22,22.571428571428573,6,0,0,1,0,0,0,0,7,11.491704259439757,4.945812030075187,7.0,0.6666666666666666,76,114,5.949834834336685
109,6.980909961685825,12.88888888888889,4.517241379310345,656,8.00344827586207,7.2704440613026815,8.0,5.305632183908049,79.98036398467436,6.879693486590039,0.0,0.0,0.0,0.0,6.75,0.21551724137931033,24,18.11111111111111,6,0,0,1,2,0,0,0,9,9.725611199111238,3.4718505747126436,6.0,0.6120689655172413,71,116,5.727142444354006
110,12.050000000000004,23.333333333333332,4.457142857142857,781,9.055072463768113,9.81179275362319,21.0,10.395942028985505,61.49434782608698,12.968115942028986,0.0,0.0,0.0,0.0,11.8,0.17857142857142858,30,31.666666666666668,12,0,0,1,0,0,0,0,6,11.855464076750408,5.764608695652173,11.0,0.5928571428571429,83,140,5.882600743187646
111,14.12603448275862,23.2,4.982758620689655,705,11.674137931034483,10.776530344827586,29.0,12.07351724137931,49.82320689655174,13.417931034482757,0.0,0.0,0.0,0.0,12.4,0.3017241379310345,25,29.8,7,0,0,1,0,0,0,0,5,13.023866798666859,6.853303448275861,11.0,0.6982758620689655,81,116,6.080920947822247
112,9.470859564164648,16.857142857142858,4.610169491525424,680,8.986440677966105,8.620834624697336,19.0,8.384285714285717,64.97584745762714,9.793704600484261,0.0,0.0,0.0,0.0,7.2857142857142865,0.22033898305084745,21,23.571428571428573,10,0,0,1,2,0,0,0,7,9.606745405546679,5.256535108958838,8.0,0.6271186440677966,74,118,5.803067381133211
113,9.913598382749328,15.142857142857142,4.933962264150943,640,10.698113207547166,8.856453638814017,21.0,10.576091644204855,46.20839622641509,13.226954177897575,0.0,0.0,0.0,0.0,10.142857142857142,0.2641509433962264,19,20.571428571428573,3,0,0,1,2,0,0,0,7,13.484332010920856,5.083576819407007,9.0,0.7452830188679245,79,106,6.087596841535584
114,11.201678571428573,20.0,4.941666666666666,732,11.134999999999998,9.486952380952381,28.0,9.090714285714288,60.420000000000016,9.523809523809524,0.0,0.0,0.0,0.0,8.666666666666666,0.23333333333333334,33,21.857142857142858,10,1,0,1,0,0,0,0,6,9.606745405546679,5.76447619047619,8.0,0.6666666666666666,80,120,6.035679450241982
115,6.722961038961042,15.571428571428571,4.146788990825688,583,6.254545454545454,6.856201298701299,6.0,5.234935064935062,85.5195454545455,7.012987012987013,0.0,0.0,0.0,0.0,8.0,0.11009174311926606,21,22.142857142857142,8,1,0,1,2,0,2,0,7,7.447530270364452,3.836532467532467,6.0,0.5779816513761468,63,109,5.540163019293544
116,8.50730434782609,19.0,4.219298245614035,613,7.063157894736843,8.734163157894738,16.0,7.8638596491228085,72.52368421052634,10.757894736842106,0.0,0.0,0.0,0.0,8.833333333333334,0.14912280701754385,29,27.0,11,0,0,1,0,0,0,0,6,10.504223727775692,5.102210526315789,7.0,0.6140350877192983,70,114,5.830452023157415
117,9.332169421487603,15.125,4.776859504132231,716,9.85289256198347,10.650501652892563,34.0,8.837675619834712,58.64014979338842,10.01694214876033,0.0,0.0,0.0,0.0,7.2857142857142865,0.2892561983471074,20,20.375,10,0,0,1,0,0,0,0,8,10.411451182825502,5.88567458677686,9.0,0.628099173553719,76,121,5.918436998674092
118,9.778376811594207,19.333333333333332,4.439655172413793,642,8.478260869565219,8.568992753623188,18.0,9.738913043478263,59.377355072463786,10.10144927536232,0.0,0.0,0.0,0.0,9.0,0.22413793103448276,27,26.0,4,2,0,1,2,0,0,0,6,10.864195022040775,5.186717391304349,8.0,0.5517241379310345,64,116,5.616187570187826
119,7.799659090909088,10.363636363636363,4.859649122807017,685,9.930357142857144,10.203750324675326,27.0,6.923766233766237,63.55759740259742,8.358441558441559,0.0,0.0,0.0,0.0,5.2,0.2631578947368421,16,12.727272727272727,5,1,0,1,2,0,0,0,11,9.573946990214175,4.73177922077922,9.0,0.6754385964912281,77,114,5.969700294919934
120,7.634150943396229,12.125,4.556701030927835,610,7.628301886792453,9.507379245283019,13.0,6.052971698113208,75.26549528301891,8.318867924528304,0.0,1.0,0.0,0.0,6.25,0.2268041237113402,23,18.125,13,0,0,1,0,0,0,0,8,9.516144504307135,4.248759433962263,7.0,0.6804123711340206,66,97,5.730801888333539
121,5.468333333333334,12.5,4.17,569,5.3148148148148096,7.814988888888889,6.0,3.987962962962964,90.51583333333336,5.770370370370371,1.0,0.0,0.0,0.0,5.375,0.16,21,19.375,7,1,0,1,0,0,0,0,8,5.148860815047168,3.698055555555555,4.0,0.55,55,100,5.497404160633782
122,4.316490118577075,9.363636363636363,4.310679611650485,615,4.9217391304347835,8.274175889328063,13.0,3.878577075098814,85.87581027667984,5.920948616600791,0.0,0.0,0.0,0.0,4.9,0.1262135922330097,14,15.0,7,0,0,1,0,1,0,0,11,8.296473431620573,3.3600474308300394,3.0,0.6213592233009708,64,103,5.784618459323208
123,9.670928571428568,17.0,4.680672268907563,693,9.153333333333332,8.960619047619048,22.0,8.30404761904762,66.06000000000002,11.19047619047619,0.0,0.0,0.0,0.0,10.166666666666666,0.19327731092436976,24,23.142857142857142,4,0,0,1,0,0,0,0,7,11.20814326018867,5.047809523809523,8.0,0.680672268907563,81,119,6.103734019716199
124,2.919212880143114,10.0,3.9307692307692306,660,4.192248062015505,5.597521824686941,6.0,3.2815503875969014,89.20958855098392,4.279308288610614,0.0,0.0,0.0,0.0,4.181818181818182,0.1,14,14.0,6,0,2,2,0,1,0,0,13,7.610546881738771,2.7048205128205125,3.0,0.5,65,130,5.623732121620751
125,6.949922480620156,14.333333333333334,4.387596899224806,710,7.448062015503876,7.040301550387596,12.0,6.099224806201551,76.86341085271322,7.593798449612404,0.0,0.0,0.0,0.0,6.375,0.18604651162790697,26,19.333333333333332,6,0,2,2,0,0,0,0,9,9.444778638647367,3.7266666666666666,6.0,0.5503875968992248,71,129,5.85251311327283
126,7.826279069767438,12.7,4.708661417322834,754,8.939062500000002,9.6991925,26.0,6.733250000000002,69.58675000000002,9.495000000000001,0.0,0.0,0.0,0.0,5.111111111111111,0.2283464566929134,17,17.5,13,0,0,1,0,0,0,0,10,9.888512548439397,4.8609875,8.0,0.6692913385826772,85,127,6.097557416821188
127,6.509017094017089,16.88888888888889,4.072368421052632,797,5.70779220779221,6.535860461760462,11.0,6.101515151515155,81.79449494949498,7.8834054834054825,0.0,0.0,0.0,0.0,8.166666666666666,0.07894736842105263,24,24.22222222222222,8,0,0,1,0,1,0,0,9,7.793537801064561,4.033484848484848,5.0,0.4934210526315789,75,152,5.835360839230659
128,5.738220140515224,17.0,3.8403361344537816,599,4.465573770491801,6.701203044496488,8.0,6.102224824355975,82.35483606557378,7.955035128805621,0.0,0.0,0.0,0.0,8.5,0.11764705882352941,33,27.142857142857142,4,0,0,1,0,0,0,0,7,9.236282656511921,4.071838407494145,5.0,0.5462184873949579,65,119,5.637482394040871
129,6.91,18.571428571428573,3.853846153846154,664,4.8390977443609025,7.665666917293233,16.0,6.902706766917294,79.41466165413536,9.10375939849624,0.0,0.0,0.0,0.0,7.833333333333334,0.09230769230769231,26,29.428571428571427,9,0,0,1,2,0,0,0,7,7.957251820313856,4.811233082706767,6.0,0.5769230769230769,75,130,5.767533887936336
130,5.808620689655175,11.6,4.405172413793103,643,6.948275862068964,8.023239310344827,13.0,5.616758620689655,75.45410344827589,8.088275862068967,0.0,0.0,0.0,0.0,6.625,0.14655172413793102,23,16.2,7,1,0,1,0,0,0,0,10,9.3871,3.957358620689655,5.0,0.603448275862069,70,116,5.78625879724135
131,9.003382352941177,15.0,4.7,699,9.55294117647059,9.018417647058824,23.0,8.555787815126052,60.21586659663865,10.655882352941177,0.0,0.0,0.0,0.0,8.285714285714286,0.225,21,20.75,6,0,0,1,0,0,2,0,8,11.20814326018867,5.104442226890756,8.0,0.6666666666666666,80,120,5.945862991171418
132,8.816804511278196,16.285714285714285,4.578947368421052,648,8.6859649122807,8.045499498746867,18.0,6.59827067669173,76.76289473684213,8.268671679197995,0.0,0.0,0.0,0.0,8.166666666666666,0.22807017543859648,30,22.428571428571427,6,0,0,1,0,0,0,0,7,7.957251820313856,4.6440576441102746,7.0,0.7017543859649122,80,114,6.0550739223835395
133,5.299411764705884,11.9,4.26890756302521,643,6.179831932773109,7.278588739495799,12.0,3.627470588235294,90.25061764705885,5.7684033613445385,1.0,0.0,0.0,0.0,4.888888888888889,0.13445378151260504,17,16.5,7,0,0,1,0,0,0,0,10,6.742157984588678,3.4563957983193276,4.0,0.6050420168067226,72,119,5.775158439834451
134,10.825905511811023,25.2,4.095238095238095,656,6.501587301587303,7.267451746031746,14.0,10.15863492063492,67.11414285714287,13.254603174603176,1.0,0.0,0.0,0.0,14.5,0.15079365079365079,31,36.6,8,0,0,1,0,0,0,0,5,11.979248473330827,5.484263492063491,10.0,0.5634920634920635,71,126,5.765499741504662
135,12.432464985994393,20.0,4.925,723,11.41512605042017,9.795107282913165,29.0,10.985336134453782,51.62853641456584,12.975350140056022,0.0,0.0,0.0,0.0,10.333333333333334,0.23333333333333334,28,26.333333333333332,7,0,0,1,0,0,0,0,6,12.745084868956482,6.164911764705881,9.0,0.675,81,120,6.050489295854282
136,7.209868421052633,16.75,4.1716417910447765,706,6.622556390977444,7.78531052631579,16.0,6.331343984962409,79.28092575187972,8.15375939849624,0.0,0.0,0.0,0.0,6.857142857142857,0.16417910447761194,26,24.5,2,0,0,1,0,0,4,0,8,8.841846274778883,4.411696428571428,6.0,0.5970149253731343,80,134,5.9374365076716105
137,8.147470760233915,17.333333333333332,4.198717948717949,834,7.326315789473686,8.317807309941522,18.0,6.678245614035088,77.26383040935674,9.65029239766082,0.0,0.0,0.0,0.0,8.166666666666666,0.11538461538461539,21,24.444444444444443,6,0,2,2,0,0,8,0,9,9.444778638647367,4.634807017543859,7.0,0.5641025641025641,88,156,6.005351959188836
138,12.824089635854342,20.0,4.958333333333333,735,11.694915254237287,10.499763276836159,32.0,11.380000000000003,48.50214689265536,15.324293785310736,0.0,0.0,0.0,0.0,11.333333333333334,0.23333333333333334,27,26.666666666666668,13,0,0,1,0,1,0,0,6,14.06817628641468,6.235728813559321,10.0,0.7083333333333334,85,120,6.203527028992618
139,5.689022556390981,13.3,4.225563909774436,710,6.3082706766917305,7.026781503759398,13.0,5.0345939849624095,82.6558007518797,7.124511278195489,1.0,1.0,0.0,0.0,5.75,0.12781954887218044,23,18.7,6,0,0,1,0,0,0,0,10,7.908726449838941,3.684224812030075,5.0,0.5639097744360902,75,133,5.881641740270972
140,7.219830508474576,14.75,4.364406779661017,650,7.310169491525421,8.783947457627118,18.0,8.562500000000004,59.945105932203404,9.628813559322035,1.0,0.0,0.0,0.0,7.571428571428571,0.15254237288135594,22,20.5,10,0,0,1,0,0,0,0,8,9.827888789773866,5.105190677966101,7.0,0.635593220338983,75,118,5.920560104994634
141,10.331324041811847,17.714285714285715,4.629032258064516,722,9.62926829268293,10.926742044134727,30.0,11.121393728222998,46.62439024390244,12.882229965156796,0.0,0.0,0.0,0.0,10.666666666666666,0.21774193548387097,22,24.571428571428573,11,0,0,1,4,0,0,0,7,12.28987398476788,6.462912891986063,10.0,0.5645161290322581,70,124,5.659007931885844
142,7.840263157894739,16.285714285714285,4.482456140350878,649,8.375438596491229,9.74514210526316,17.0,7.149956140350881,69.18177631578948,10.26140350877193,0.0,0.0,0.0,0.0,8.142857142857142,0.21929824561403508,21,20.125,4,0,0,1,2,0,4,0,7,11.45678717892309,4.507899122807018,7.0,0.6403508771929824,73,114,5.883959615000484
143,6.93539343009931,13.333333333333334,4.583333333333333,698,8.173109243697475,9.082577616501146,22.0,5.287914438502675,76.41925133689841,8.36088617265088,0.0,0.0,0.0,0.0,5.1,0.16666666666666666,17,15.727272727272727,8,1,0,1,0,1,4,0,9,9.339509955726097,4.098817417876241,8.0,0.625,75,120,5.910842366980765
144,7.908275862068965,14.5,4.577586206896552,659,8.558620689655175,9.256044827586207,26.0,8.171896551724142,62.300258620689675,12.00689655172414,0.0,0.0,0.0,0.0,7.125,0.25,22,20.875,5,0,0,1,0,0,0,0,8,11.93303328291395,5.255913793103447,7.0,0.6120689655172413,71,116,5.733348445136897
145,6.645833333333332,13.875,4.2792792792792795,596,7.3018518518518505,7.961192592592592,14.0,6.937962962962967,69.36583333333336,10.585185185185185,0.0,0.0,0.0,0.0,7.125,0.15315315315315314,21,18.875,3,0,0,1,0,1,0,0,8,10.9516,4.494351851851851,6.0,0.6126126126126126,68,111,5.787438951838238
146,10.73734793187348,22.666666666666668,4.345588235294118,742,7.92794117647059,8.592163725490197,23.0,10.863235294117647,57.55039215686277,13.772549019607846,0.0,0.0,0.0,0.0,12.8,0.22794117647058823,32,32.5,8,0,0,1,0,0,0,0,6,13.81666964889586,5.805588235294117,10.0,0.6029411764705882,82,136,5.995556813464422
147,11.958172757475083,18.142857142857142,5.102362204724409,794,12.116535433070865,10.504259730033745,34.0,12.112485939257592,40.536535433070895,16.076040494938134,0.0,0.0,0.0,0.0,12.333333333333334,0.3228346456692913,26,25.285714285714285,7,0,0,1,0,1,2,0,7,15.151101081350806,6.038087739032621,11.0,0.7007874015748031,89,127,6.177083916585834
148,9.186290322580643,15.5,4.693548387096774,726,9.372580645161289,9.116832258064516,19.0,7.584032258064514,68.2960483870968,9.748387096774195,0.0,0.0,0.0,0.0,8.0,0.18548387096774194,23,20.875,12,1,2,2,0,0,0,0,8,10.411451182825502,4.827725806451612,8.0,0.5967741935483871,74,124,5.877605891647287
149,8.05641025641026,13.0,4.717948717948718,687,9.188034188034191,9.679590598290599,24.0,6.726153846153846,69.99384615384618,8.960683760683763,0.0,0.0,0.0,0.0,6.75,0.1623931623931624,19,17.11111111111111,8,0,0,1,2,0,0,0,9,9.725611199111238,4.877128205128205,8.0,0.6495726495726496,76,117,6.010506950915646
