text_idx,readability_score,gold_score
0,9.0148891699248,9.0148891699248
1,13.733769707646843,13.733769707646843
2,11.202567269356752,11.202567269356752
3,8.072820048777404,8.072820048777404
4,6.178714803492177,6.178714803492177
5,6.502141877259095,6.502141877259095
6,8.521173695211719,8.521173695211719
7,8.044479938067672,8.044479938067672
8,7.015722527261056,7.015722527261056
9,10.010410271911532,10.010410271911532
10,7.742912084460679,7.742912084460679
11,8.27906109433121,8.27906109433121
12,11.924044880567797,11.924044880567797
13,8.380093612066554,8.380093612066554
14,10.85746721479077,10.85746721479077
15,10.849076679280548,10.849076679280548
16,9.151322586730227,9.151322586730227
17,10.803320376567285,10.803320376567285
18,11.389218572563397,11.389218572563397
19,5.771652633547459,5.771652633547459
20,11.4470139268005,11.4470139268005
21,5.565160881328405,5.565160881328405
22,11.616008189282118,11.616008189282118
23,7.188902839961625,7.188902839961625
24,6.850252700580496,6.850252700580496
25,10.296158330276885,10.296158330276885
26,7.278774964482108,7.278774964482108
27,10.610322700407554,10.610322700407554
28,12.59171130524197,12.59171130524197
29,12.77083238966298,12.77083238966298
30,7.3356182885247305,7.3356182885247305
31,5.634073684903092,5.634073684903092
32,11.863860768704185,11.863860768704185
33,10.349283342034559,10.349283342034559
34,8.2025855649183,8.2025855649183
35,8.549651528105205,8.549651528105205
36,9.460151601467302,9.460151601467302
37,12.933715816254397,12.933715816254397
38,9.63573826464407,9.63573826464407
39,10.639414334851308,10.639414334851308
40,8.330452754133972,8.330452754133972
41,9.254517067975364,9.254517067975364
42,7.159510955360633,7.159510955360633
43,12.561096311382872,12.561096311382872
44,5.841713503910438,5.841713503910438
45,4.795041027755682,4.795041027755682
46,18.44345585886842,18.44345585886842
47,13.135425574899102,13.135425574899102
48,8.01411515980691,8.01411515980691
49,12.136526975776903,12.136526975776903
50,10.877690575528941,10.877690575528941
51,12.865331034436462,12.865331034436462
52,13.863113769351505,13.863113769351505
53,5.8781824628855786,5.8781824628855786
54,14.865966790194324,14.865966790194324
55,8.280564022299107,8.280564022299107
56,11.40669908571839,11.40669908571839
57,13.552596949899069,13.552596949899069
58,5.001140691416325,5.001140691416325
59,11.150137301155922,11.150137301155922
60,10.500259938383383,10.500259938383383
61,9.562289062510883,9.562289062510883
62,7.066238286174728,7.066238286174728
63,10.496420422366654,10.496420422366654
64,11.102562497124177,11.102562497124177
65,7.35636145336363,7.35636145336363
66,6.77154196597904,6.77154196597904
67,14.109959831145602,14.109959831145602
68,11.127320573357201,11.127320573357201
69,13.843004197350359,13.843004197350359
70,8.625389163782032,8.625389163782032
71,10.662130996462563,10.662130996462563
72,10.22599417931524,10.22599417931524
73,14.564131104976203,14.564131104976203
74,9.817771001348069,9.817771001348069
75,16.08355075116865,16.08355075116865
76,13.029636680567142,13.029636680567142
77,6.731170437859563,6.731170437859563
78,7.113844399694098,7.113844399694098
79,11.876677542520031,11.876677542520031
80,8.35855236489746,8.35855236489746
81,6.6566524176707365,6.6566524176707365
82,8.797972622023941,8.797972622023941
83,11.195343169240811,11.195343169240811
84,10.079339332480506,10.079339332480506
85,14.44091376355497,14.44091376355497
86,8.537093462106736,8.537093462106736
87,9.57356970684088,9.57356970684088
88,9.536806029786884,9.536806029786884
89,11.935208775807103,11.935208775807103
90,9.566418378601053,9.566418378601053
91,6.141220239927752,6.141220239927752
92,4.899171366182,4.899171366182
93,10.910368091180604,10.910368091180604
94,8.992120675537734,8.992120675537734
95,7.638724552742244,7.638724552742244
96,7.8728395237441475,7.8728395237441475
97,7.801890589201442,7.801890589201442
98,9.37089248329744,9.37089248329744
99,15.456299389665073,15.456299389665073
100,9.298558649274145,9.298558649274145
101,8.713915494017552,8.713915494017552
102,5.353070046088087,5.353070046088087
103,10.07269954599683,10.07269954599683
104,10.176023322814014,10.176023322814014
105,19.11723024810944,19.11723024810944
106,10.091803910221888,10.091803910221888
107,9.761744981620389,9.761744981620389
108,6.523873177761561,6.523873177761561
109,15.238315699958193,15.238315699958193
110,8.495649734260494,8.495649734260494
111,14.244763048329773,14.244763048329773
112,11.061166324185956,11.061166324185956
113,6.259958562530619,6.259958562530619
114,5.6104304198759065,5.6104304198759065
115,9.919415111086858,9.919415111086858
116,8.82823665023244,8.82823665023244
117,12.26707235718452,12.26707235718452
118,13.10773915163524,13.10773915163524
119,7.862872373842796,7.862872373842796
120,7.5092516570799095,7.5092516570799095
121,9.315189078281296,9.315189078281296
122,13.120377125213858,13.120377125213858
123,13.383344255063188,13.383344255063188
124,10.766122933089163,10.766122933089163
125,7.114177354080203,7.114177354080203
126,9.690487170809686,9.690487170809686
127,9.88651280895849,9.88651280895849
128,3.587153476435282,3.587153476435282
129,7.178214134276423,7.178214134276423
130,15.183180809167828,15.183180809167828
131,12.572204206452392,12.572204206452392
132,11.850518254628323,11.850518254628323
133,11.275360927539486,11.275360927539486
134,11.586726212784605,11.586726212784605
135,7.4383471229887475,7.4383471229887475
136,13.009510859097418,13.009510859097418
137,15.284776515009773,15.284776515009773
138,7.083320545134498,7.083320545134498
139,9.485431055111876,9.485431055111876
140,14.16745275771128,14.16745275771128
141,15.287214012539362,15.287214012539362
142,8.482017940535831,8.482017940535831
143,7.721267240011343,7.721267240011343
144,8.331629422883601,8.331629422883601
145,11.671936340609758,11.671936340609758
146,13.183285294399605,13.183285294399605
147,7.179157610370827,7.179157610370827
148,8.758179872239229,8.758179872239229
149,8.290060267005318,8.290060267005318
150,9.321912213181498,9.321912213181498
151,9.548448644089643,9.548448644089643
152,8.498630134915805,8.498630134915805
153,10.636485378132631,10.636485378132631
154,12.325086253313263,12.325086253313263
155,11.234506835869407,11.234506835869407
156,11.019472419535969,11.019472419535969
157,10.04604564810641,10.04604564810641
158,7.8660770505292446,7.8660770505292446
159,10.348467088390027,10.348467088390027
160,6.118294754980779,6.118294754980779
161,9.367871874652865,9.367871874652865
162,8.164779354641047,8.164779354641047
163,13.407930825354129,13.407930825354129
164,10.897259075916102,10.897259075916102
165,11.313459305911834,11.313459305911834
166,5.68801651932696,5.68801651932696
167,10.168483869903577,10.168483869903577
168,12.31374765046212,12.31374765046212
169,9.715005998153384,9.715005998153384
170,8.441266335485892,8.441266335485892
171,8.331452324403633,8.331452324403633
172,10.711669882612474,10.711669882612474
173,10.427914085748,10.427914085748
174,10.667377095082895,10.667377095082895
175,5.500182544542591,5.500182544542591
176,8.748441745958441,8.748441745958441
177,7.752721054146605,7.752721054146605
178,10.330115972321547,10.330115972321547
179,10.155751450984042,10.155751450984042
180,6.294850388662997,6.294850388662997
181,13.20487910715785,13.20487910715785
182,13.604203600373145,13.604203600373145
183,9.731469275330067,9.731469275330067
184,14.51831855412956,14.51831855412956
185,12.112485437561912,12.112485437561912
186,13.414478538918127,13.414478538918127
187,11.459224114412915,11.459224114412915
188,6.533428667676577,6.533428667676577
189,12.151714286143909,12.151714286143909
190,13.720423630988838,13.720423630988838
191,4.411651870490114,4.411651870490114
192,10.528395199543159,10.528395199543159
193,12.539193375957963,12.539193375957963
194,9.287526196142867,9.287526196142867
195,7.569708212682431,7.569708212682431
196,12.194404914109352,12.194404914109352
197,9.870640898162328,9.870640898162328
198,10.299866574967464,10.299866574967464
199,7.006426526404534,7.006426526404534
200,16.24249424805688,16.24249424805688
201,8.615831456961686,8.615831456961686
202,10.465400321970343,10.465400321970343
203,5.638865993871851,5.638865993871851
204,10.719174926041976,10.719174926041976
205,13.276114869315311,13.276114869315311
206,12.800471132686084,12.800471132686084
207,8.926861552338039,8.926861552338039
208,8.603899060998904,8.603899060998904
209,9.57197208577916,9.57197208577916
210,11.954742760386704,11.954742760386704
211,7.967432309166355,7.967432309166355
212,13.109853228983827,13.109853228983827
213,8.872936370757325,8.872936370757325
214,10.901427966598066,10.901427966598066
215,7.1488768364611275,7.1488768364611275
216,11.162569272589565,11.162569272589565
217,9.746309831439984,9.746309831439984
218,14.23431547916968,14.23431547916968
219,7.168063958423533,7.168063958423533
220,18.867030124063614,18.867030124063614
221,14.019204071382273,14.019204071382273
222,5.575450809159593,5.575450809159593
223,8.158571331734908,8.158571331734908
224,11.006927932516787,11.006927932516787
225,13.042290421079537,13.042290421079537
226,8.985874056330909,8.985874056330909
227,8.791349414908805,8.791349414908805
228,8.45484135764318,8.45484135764318
229,9.909592607369927,9.909592607369927
230,7.976787826240357,7.976787826240357
231,7.64352835462069,7.64352835462069
232,5.942520367465947,5.942520367465947
233,5.587155164895817,5.587155164895817
234,7.4259016464370236,7.4259016464370236
235,10.494237661212036,10.494237661212036
236,6.517236973569661,6.517236973569661
237,12.383077142857143,12.383077142857143
238,10.762731697212164,10.762731697212164
239,8.280337517600026,8.280337517600026
240,8.766078856295163,8.766078856295163
241,9.759110863565741,9.759110863565741
242,7.329506215072638,7.329506215072638
243,15.704935013197613,15.704935013197613
244,11.175702980567687,11.175702980567687
245,7.866579662677323,7.866579662677323
246,11.214028717875618,11.214028717875618
247,10.759430442590574,10.759430442590574
248,7.98463928165057,7.98463928165057
249,11.711672008711668,11.711672008711668
250,12.728622149442304,12.728622149442304
251,9.259684087884887,9.259684087884887
252,7.767593784537695,7.767593784537695
253,9.683071232296797,9.683071232296797
254,11.671241272404746,11.671241272404746
255,7.879494262171588,7.879494262171588
256,11.674312904246829,11.674312904246829
257,11.234624061823514,11.234624061823514
258,9.445830091865822,9.445830091865822
259,10.568315654231188,10.568315654231188
260,10.470367559565151,10.470367559565151
261,9.156466764830578,9.156466764830578
262,12.049948435297194,12.049948435297194
263,5.5652021435361565,5.5652021435361565
264,9.704101981594146,9.704101981594146
265,6.163450337801654,6.163450337801654
266,10.732255821589453,10.732255821589453
267,11.937909009099963,11.937909009099963
268,12.961412668518028,12.961412668518028
269,9.419568030744648,9.419568030744648
270,3.9902329919096586,3.9902329919096586
271,10.15935298832367,10.15935298832367
272,6.37715191992428,6.37715191992428
273,13.645291032498411,13.645291032498411
274,6.069255275911563,6.069255275911563
275,5.701785592879228,5.701785592879228
276,8.816166579849224,8.816166579849224
277,8.893538882056099,8.893538882056099
278,6.129828384971034,6.129828384971034
279,6.770391236964024,6.770391236964024
280,8.227657668303,8.227657668303
281,18.337731370257217,18.337731370257217
282,6.441988109879219,6.441988109879219
283,12.699429613922447,12.699429613922447
284,13.207621410457481,13.207621410457481
285,12.854159559145362,12.854159559145362
286,14.990473086434942,14.990473086434942
287,6.153715480836363,6.153715480836363
288,5.992118957633828,5.992118957633828
289,8.222665445805024,8.222665445805024
290,11.051535978436736,11.051535978436736
291,8.748901785429661,8.748901785429661
292,5.764162215028764,5.764162215028764
293,12.451551678850745,12.451551678850745
294,7.502847264893118,7.502847264893118
295,9.993619457968077,9.993619457968077
296,10.063751865497412,10.063751865497412
297,13.69166387630445,13.69166387630445
298,9.86378404794493,9.86378404794493
299,4.8482543512308744,4.8482543512308744
300,8.91450870273277,8.91450870273277
301,8.685486267952006,8.685486267952006
302,3.943273949464235,3.943273949464235
303,6.774612481881793,6.774612481881793
304,8.706124479643412,8.706124479643412
305,9.686845241410719,9.686845241410719
306,11.128937632541835,11.128937632541835
307,10.550086857058213,10.550086857058213
308,5.4305861060626155,5.4305861060626155
309,6.852341743265589,6.852341743265589
310,10.803905331725176,10.803905331725176
311,10.69632937066666,10.69632937066666
312,5.144279412369877,5.144279412369877
313,15.926428563368233,15.926428563368233
314,8.983588314772316,8.983588314772316
315,9.349440591757054,9.349440591757054
316,5.1372262324120825,5.1372262324120825
317,4.417544963853343,4.417544963853343
318,7.6425575824498795,7.6425575824498795
319,12.20765781586286,12.20765781586286
320,8.81395318915194,8.81395318915194
321,7.312329672144008,7.312329672144008
322,14.639173393904704,14.639173393904704
323,7.789024975057538,7.789024975057538
324,10.316321673778742,10.316321673778742
325,9.505616106417824,9.505616106417824
326,6.687890371035872,6.687890371035872
327,9.106649953542407,9.106649953542407
328,13.857508170630297,13.857508170630297
329,7.235476108925172,7.235476108925172
330,11.154366855922905,11.154366855922905
331,8.114386887422665,8.114386887422665
332,5.6391526002489725,5.6391526002489725
333,9.859504668123089,9.859504668123089
334,7.997950019419937,7.997950019419937
335,9.468084949730855,9.468084949730855
336,9.055487634496634,9.055487634496634
337,13.182220841433539,13.182220841433539
338,8.944247279764266,8.944247279764266
339,12.340369584864044,12.340369584864044
340,8.593672133060489,8.593672133060489
341,6.346370693715868,6.346370693715868
342,9.693591444436825,9.693591444436825
343,10.240044997279586,10.240044997279586
344,7.474644645638517,7.474644645638517
345,12.767763295019156,12.767763295019156
346,10.7935310500714,10.7935310500714
347,10.589046343316294,10.589046343316294
348,7.218022818721614,7.218022818721614
349,11.533527714801389,11.533527714801389
350,9.319214156500468,9.319214156500468
351,10.181334616399685,10.181334616399685
352,11.48406342266355,11.48406342266355
353,11.678191394624708,11.678191394624708
354,6.496408345388447,6.496408345388447
355,9.212547846193305,9.212547846193305
356,8.709911313640223,8.709911313640223
357,10.947107858938356,10.947107858938356
358,6.019970583375299,6.019970583375299
359,9.427378100882748,9.427378100882748
360,11.4506748142243,11.4506748142243
361,10.686287037373495,10.686287037373495
362,10.728818584872286,10.728818584872286
363,12.482857144988444,12.482857144988444
364,3.4326274797807743,3.4326274797807743
365,12.984707406079185,12.984707406079185
366,6.662535509830744,6.662535509830744
367,10.313532591341165,10.313532591341165
368,11.032356167621272,11.032356167621272
369,14.748567283932857,14.748567283932857
370,7.853292844081274,7.853292844081274
371,7.031360106650458,7.031360106650458
372,8.284420644484362,8.284420644484362
373,12.605451378299122,12.605451378299122
374,8.818219020538336,8.818219020538336
375,12.740775200738458,12.740775200738458
376,8.355421043531392,8.355421043531392
377,4.452143166774382,4.452143166774382
378,8.687218913975808,8.687218913975808
379,14.20020512646424,14.20020512646424
380,6.661510981164985,6.661510981164985
381,7.8517750844776515,7.8517750844776515
382,5.54737914589335,5.54737914589335
383,13.423591094015057,13.423591094015057
384,8.484364637232783,8.484364637232783
385,12.855564789401063,12.855564789401063
386,9.697761187327128,9.697761187327128
387,6.209150779318857,6.209150779318857
388,11.435710838607454,11.435710838607454
389,10.511380743292488,10.511380743292488
390,12.987853242845677,12.987853242845677
391,8.586843796586683,8.586843796586683
392,12.433949943578451,12.433949943578451
393,9.98004025504537,9.98004025504537
394,11.770886937945658,11.770886937945658
395,7.342568083685035,7.342568083685035
396,10.980565050705092,10.980565050705092
397,7.449812412378489,7.449812412378489
398,9.65148450946669,9.65148450946669
399,11.235942223142143,11.235942223142143
400,10.326951210344998,10.326951210344998
401,10.613984790496286,10.613984790496286
402,12.536501369359048,12.536501369359048
403,8.212082321010525,8.212082321010525
404,4.211473643986393,4.211473643986393
405,10.27422660130738,10.27422660130738
406,17.791443949317244,17.791443949317244
407,6.855909750490835,6.855909750490835
408,8.256194000656658,8.256194000656658
409,23.663668897187538,20.0
410,9.370771893225989,9.370771893225989
411,7.560755400606981,7.560755400606981
412,7.134270760857284,7.134270760857284
413,5.315851386577327,5.315851386577327
414,7.607941745147644,7.607941745147644
415,10.352566462645772,10.352566462645772
416,16.18897737142965,16.18897737142965
417,9.407163104047566,9.407163104047566
418,13.725838323317967,13.725838323317967
419,13.75799599874469,13.75799599874469
420,12.883700224504576,12.883700224504576
421,4.551322966037029,4.551322966037029
422,12.853718433697944,12.853718433697944
423,11.322412450872509,11.322412450872509
424,8.367541849547708,8.367541849547708
425,12.58412568653848,12.58412568653848
426,14.609497058226754,14.609497058226754
427,6.97280837545471,6.97280837545471
428,10.680314604609887,10.680314604609887
429,14.041515417387634,14.041515417387634
430,7.987326082150135,7.987326082150135
431,5.860320277897231,5.860320277897231
432,12.088994515055862,12.088994515055862
433,9.258654028673197,9.258654028673197
434,12.585278954692882,12.585278954692882
435,9.335108483176512,9.335108483176512
436,5.971896679866687,5.971896679866687
437,10.559681315588744,10.559681315588744
438,11.284614397365944,11.284614397365944
439,10.5106111016933,10.5106111016933
440,11.846965486273358,11.846965486273358
441,10.992009041378562,10.992009041378562
442,6.437571374176223,6.437571374176223
443,12.40291579399946,12.40291579399946
444,10.393865219098082,10.393865219098082
445,9.355913918618636,9.355913918618636
446,11.090027266119467,11.090027266119467
447,13.031663675554759,13.031663675554759
448,10.122530608879256,10.122530608879256
449,7.389210690903904,7.389210690903904
450,6.589477932337017,6.589477932337017
451,10.658372148898312,10.658372148898312
452,12.450098211292683,12.450098211292683
453,7.565727041287147,7.565727041287147
454,5.929087411320103,5.929087411320103
455,11.374621232644794,11.374621232644794
456,13.748056720118294,13.748056720118294
457,7.233272399206224,7.233272399206224
458,12.464001124270592,12.464001124270592
459,5.127062019861702,5.127062019861702
460,6.691761808620837,6.691761808620837
461,8.199088817204302,8.199088817204302
462,8.451953256918213,8.451953256918213
463,11.01194347728321,11.01194347728321
464,11.348189839040277,11.348189839040277
465,17.1018771900519,17.1018771900519
466,10.355822044563777,10.355822044563777
467,10.45238064782345,10.45238064782345
468,5.338096816480872,5.338096816480872
469,7.18974818886808,7.18974818886808
470,7.068951557541517,7.068951557541517
471,8.41459325533602,8.41459325533602
472,10.447790577424435,10.447790577424435
473,5.880502882344384,5.880502882344384
474,18.251468809334707,18.251468809334707
475,9.370004153669905,9.370004153669905
476,11.293329478091305,11.293329478091305
477,8.2078068952334,8.2078068952334
478,14.577126279492006,14.577126279492006
479,11.164617634596414,11.164617634596414
480,7.957854624954811,7.957854624954811
481,7.270619481941223,7.270619481941223
482,13.955681587574352,13.955681587574352
483,11.841025206717044,11.841025206717044
484,9.03637441179875,9.03637441179875
485,10.400873539179226,10.400873539179226
486,10.001789546368034,10.001789546368034
487,12.530353710073014,12.530353710073014
488,9.433057885520757,9.433057885520757
489,10.244235458179425,10.244235458179425
490,9.176675736368555,9.176675736368555
491,9.966020824995306,9.966020824995306
492,9.3876197156563,9.3876197156563
493,8.584478054575476,8.584478054575476
494,5.81699641848333,5.81699641848333
495,12.273019478838828,12.273019478838828
496,8.295130783764023,8.295130783764023
497,9.298146088698704,9.298146088698704
498,6.502522146081276,6.502522146081276
499,10.745519126684965,10.745519126684965
