text_idx,education_level,source_dataset,domain,prompt_0,prompt_1,prompt_2,prompt_3,prompt_4,prompt_5,prompt_6,prompt_7,prompt_8,prompt_9,prompt_10,prompt_11,prompt_12,prompt_13,prompt_14,prompt_15,prompt_16,prompt_17,prompt_18,prompt_19,prompt_20,prompt_21,prompt_22,prompt_23,prompt_24,prompt_25,prompt_26,prompt_27,prompt_28,prompt_29,prompt_30,prompt_31,prompt_32,prompt_33,prompt_34,prompt_35,prompt_36,prompt_37,prompt_38,prompt_39,prompt_40,prompt_41,prompt_42,prompt_43,prompt_44,prompt_45,prompt_46,prompt_47,prompt_48,prompt_49,prompt_50,prompt_51,prompt_52,prompt_53,prompt_54,prompt_55,prompt_56,prompt_57,prompt_58,prompt_59,prompt_60,prompt_61,prompt_62
0,middle,synthetic_adversarial,easy_prose_hard_concept,1,1,1,0,0,1,1,1,1,1,1,1,1,1,1,1,1,1,1,1,1,1,1,1,1,1,1,1,1,1,1,0,1,1,1,1,0,1,1,0,1,0,0,1,0,0,0,0,1,1,0,1,1,1,1,1,0,1,1,0,0,0,0
1,middle,synthetic_adversarial,easy_prose_hard_concept,1,0,0,0,0,1,0,0,1,1,1,1,1,1,1,1,1,1,1,1,1,1,1,1,1,1,1,1,1,1,1,1,0,1,0,1,0,1,1,0,1,0,0,1,0,0,0,0,0,1,0,0,1,1,0,1,1,0,1,1,0,1,0
2,middle,synthetic_adversarial,easy_prose_hard_concept,0,0,0,0,0,0,0,0,0,0,1,1,1,1,1,1,1,1,1,1,1,1,1,1,1,1,1,1,1,1,1,1,0,1,0,1,0,1,1,0,1,0,0,1,0,0,0,0,0,1,1,0,1,1,0,1,1,0,1,1,0,1,1
3,middle,synthetic_adversarial,easy_prose_hard_concept,1,0,0,0,0,1,1,1,0,1,1,1,1,1,1,1,1,1,1,1,1,1,1,1,1,1,1,1,1,1,1,0,1,1,1,1,0,1,1,0,1,0,0,1,0,1,0,0,0,1,0,0,1,0,0,1,0,0,1,0,0,1,0
4,middle,synthetic_adversarial,easy_prose_hard_concept,1,1,1,1,0,1,1,1,1,1,1,1,1,1,1,1,1,1,1,1,1,1,1,1,1,1,1,1,1,1,1,0,1,0,1,1,0,1,1,0,1,0,0,1,0,0,0,0,0,1,0,0,1,0,0,1,1,1,1,0,0,1,0
5,middle,synthetic_adversarial,easy_prose_hard_concept,1,0,1,0,0,1,1,1,0,1,1,1,1,1,1,1,1,1,1,1,1,1,1,1,1,1,1,1,1,1,1,0,1,1,1,1,0,1,1,0,1,0,0,1,0,0,0,0,0,1,0,0,1,0,0,1,1,0,1,0,0,1,0
6,elementary,synthetic_adversarial,easy_prose_hard_concept,1,1,1,1,1,1,1,1,1,1,1,1,1,1,1,1,1,1,1,1,1,1,1,1,1,1,1,1,1,1,1,0,1,1,1,1,0,1,1,0,1,0,0,1,0,0,0,0,1,1,0,1,1,1,1,1,0,1,1,0,1,1,0
7,middle,synthetic_adversarial,easy_prose_hard_concept,1,1,1,0,0,1,1,1,1,1,1,1,1,1,1,1,1,1,1,1,1,1,1,1,1,1,1,1,1,1,1,0,1,1,1,1,0,1,1,0,1,0,0,1,0,0,0,0,0,1,0,0,1,1,0,1,1,1,1,1,0,1,0
8,middle,synthetic_adversarial,easy_prose_hard_concept,0,0,0,0,0,0,0,0,0,0,1,1,1,1,1,1,0,1,1,1,1,1,1,1,1,1,0,1,1,1,1,1,0,1,1,1,0,0,1,0,1,0,1,1,0,0,0,0,0,1,1,0,1,1,0,1,1,0,1,1,0,0,0
9,middle,synthetic_adversarial,easy_prose_hard_concept,1,1,1,1,0,1,1,1,1,1,1,1,1,1,1,1,1,1,1,1,1,1,1,1,1,1,1,1,1,1,1,0,1,1,1,1,0,1,1,0,0,0,1,1,0,0,0,0,1,1,0,1,1,0,1,1,0,1,1,0,0,1,0
10,middle,synthetic_adversarial,easy_prose_hard_concept,1,1,1,1,1,1,1,1,1,1,1,1,1,1,1,1,1,1,1,1,1,1,1,1,1,1,1,1,1,1,1,0,1,1,1,1,0,1,1,0,1,0,0,1,0,0,0,0,1,1,0,1,1,1,1,1,0,1,1,0,1,1,0
11,middle,synthetic_adversarial,easy_prose_hard_concept,1,1,1,1,1,1,1,1,1,1,1,1,1,1,1,1,1,1,1,1,1,1,1,1,1,1,1,1,1,1,0,0,1,1,1,1,1,1,1,0,1,0,0,1,0,1,0,0,1,1,0,0,1,0,1,1,0,1,1,0,0,1,0
12,elementary,synthetic_adversarial,easy_prose_hard_concept,1,0,0,0,0,1,1,1,1,1,1,1,1,1,1,1,1,1,1,1,1,1,1,1,1,1,1,1,1,1,1,0,1,1,1,0,0,1,1,0,1,0,0,1,0,0,0,0,0,1,0,0,1,1,1,1,1,1,1,1,0,1,0
13,middle,synthetic_adversarial,easy_prose_hard_concept,1,0,0,0,0,1,0,1,0,1,1,1,1,1,1,1,1,1,1,1,1,1,1,1,1,1,1,1,1,1,1,0,1,1,1,0,0,1,1,0,1,0,0,1,0,0,0,0,0,1,0,0,1,1,0,1,0,1,1,0,0,1,0
14,elementary,synthetic_adversarial,easy_prose_hard_concept,1,1,1,1,1,1,1,1,1,1,1,1,1,1,1,1,1,1,1,1,1,1,1,1,1,1,1,1,1,1,1,0,1,1,1,1,0,1,1,0,1,0,0,1,0,0,0,0,1,1,0,0,1,1,1,1,0,1,1,0,0,1,0
15,elementary,synthetic_adversarial,easy_prose_hard_concept,1,1,1,1,0,1,1,1,1,1,1,1,1,1,1,1,1,1,1,1,1,1,1,1,1,1,1,1,1,1,1,0,1,1,1,1,0,1,1,0,1,0,0,1,0,0,0,0,0,1,0,0,1,1,1,1,0,1,1,1,0,1,0
16,middle,synthetic_adversarial,easy_prose_hard_concept,1,1,1,1,0,1,1,1,1,1,1,1,1,1,1,1,1,1,1,1,1,1,1,1,1,1,1,1,1,1,0,0,0,1,1,1,0,1,1,0,1,0,0,1,0,0,0,0,1,1,0,0,1,0,1,1,0,1,1,0,1,1,0
17,middle,synthetic_adversarial,easy_prose_hard_concept,0,0,0,0,0,1,1,1,0,1,1,1,1,1,1,1,1,1,1,1,1,1,1,1,1,1,1,1,1,1,1,1,0,1,1,1,0,1,1,0,1,0,0,1,0,0,0,0,0,1,0,0,0,0,0,1,1,0,1,0,0,0,0
18,middle,synthetic_adversarial,easy_prose_hard_concept,0,0,0,0,0,0,0,0,0,1,1,1,1,1,1,1,0,1,1,1,1,1,1,1,1,1,0,1,1,1,1,0,1,1,1,1,0,1,1,0,1,0,1,1,0,0,0,0,0,1,1,0,1,1,0,1,1,0,1,1,0,1,1
19,middle,synthetic_adversarial,easy_prose_hard_concept,0,0,0,0,0,0,0,0,0,0,1,1,1,1,1,1,0,1,1,1,1,1,1,1,1,1,0,1,1,1,1,1,1,1,1,1,0,1,1,0,0,0,1,0,0,0,0,0,0,1,1,0,1,1,0,1,1,0,1,1,0,0,1
20,middle,synthetic_adversarial,easy_prose_hard_concept,0,0,0,0,0,0,0,0,0,1,1,1,1,1,1,1,0,1,1,1,1,1,1,1,1,1,1,1,1,1,1,0,1,1,1,1,0,1,1,0,0,0,1,0,0,0,0,0,0,1,1,0,1,1,0,1,1,0,1,1,0,1,1
21,middle,synthetic_adversarial,easy_prose_hard_concept,0,0,0,0,0,0,0,0,0,1,1,1,1,1,1,1,0,1,1,1,1,1,1,1,1,1,0,1,1,1,1,0,1,1,1,0,0,1,1,0,1,0,1,0,0,0,0,0,0,1,1,0,1,1,0,1,1,0,1,1,0,0,0
22,middle,synthetic_adversarial,easy_prose_hard_concept,0,0,0,0,0,0,0,0,0,0,1,1,1,1,1,1,0,1,1,1,1,1,1,1,1,1,0,1,1,1,1,0,1,1,1,1,0,0,1,0,0,0,1,0,0,0,0,0,0,1,1,0,1,1,0,1,0,0,1,1,0,1,0
23,middle,synthetic_adversarial,easy_prose_hard_concept,0,0,0,0,0,0,0,0,0,0,1,1,1,1,0,0,0,1,1,1,1,1,1,1,1,1,0,1,1,1,1,0,0,1,1,1,0,0,1,0,0,0,1,0,0,0,0,0,0,1,1,0,1,1,0,1,1,0,1,1,0,0,1
24,middle,synthetic_adversarial,easy_prose_hard_concept,1,1,1,1,0,1,0,1,1,1,1,1,1,1,1,1,1,1,1,1,1,1,1,1,1,1,1,1,1,1,1,0,1,1,1,1,0,1,1,0,1,0,1,0,0,0,0,0,1,1,0,0,1,0,1,1,0,1,1,0,0,1,0
25,middle,synthetic_adversarial,easy_prose_hard_concept,1,0,1,0,0,1,0,0,0,1,1,1,1,1,1,1,0,1,1,1,1,1,1,1,1,1,0,1,1,1,1,0,1,1,1,1,0,1,1,0,1,0,1,0,0,0,0,0,0,1,1,0,1,1,0,1,1,0,1,1,0,1,1
26,middle,synthetic_adversarial,easy_prose_hard_concept,0,0,0,0,0,1,1,0,0,0,1,1,1,1,1,1,1,1,1,1,1,1,1,1,1,1,1,1,1,1,1,0,1,1,1,1,0,1,1,0,1,0,1,0,0,0,0,0,0,1,1,0,1,1,0,1,1,0,1,1,0,0,0
27,elementary,synthetic_adversarial,easy_prose_hard_concept,1,1,1,1,1,1,1,1,1,1,1,1,1,1,1,1,1,1,1,1,1,1,1,1,1,1,1,1,1,1,1,0,1,0,1,1,0,1,1,0,0,0,1,0,0,0,0,0,1,1,0,1,1,0,1,1,0,1,1,0,0,0,0
28,middle,synthetic_adversarial,easy_prose_hard_concept,1,0,0,0,0,1,0,0,0,1,1,1,1,1,1,1,1,1,1,1,1,1,1,1,1,1,1,1,1,1,1,1,1,1,1,1,0,0,1,0,0,0,1,0,0,0,0,0,0,1,1,0,1,1,0,1,1,0,1,1,0,0,0
29,middle,synthetic_adversarial,easy_prose_hard_concept,0,0,0,0,0,0,0,0,0,1,1,1,1,1,1,1,0,1,1,1,1,1,1,1,1,1,0,1,1,1,1,1,0,1,1,0,0,0,1,0,0,0,1,0,0,0,0,0,0,1,1,0,1,1,0,1,1,0,1,1,0,0,0
30,middle,synthetic_adversarial,easy_prose_hard_concept,1,1,1,1,1,1,1,1,1,1,1,1,1,1,1,1,1,1,1,1,1,1,1,1,1,1,1,1,1,1,1,0,1,1,1,0,0,1,1,0,0,0,1,0,0,0,0,0,1,1,0,1,1,1,1,1,0,1,1,0,1,1,0
31,middle,synthetic_adversarial,easy_prose_hard_concept,1,1,1,1,1,1,1,1,1,1,1,1,1,1,1,1,1,1,1,1,1,1,1,1,1,1,1,1,1,1,1,0,1,1,1,0,0,1,1,0,0,0,1,0,0,0,0,0,1,1,0,1,1,1,1,1,0,1,1,0,0,1,0
32,middle,synthetic_adversarial,easy_prose_hard_concept,0,0,0,0,0,1,0,0,0,0,1,1,1,1,0,1,1,1,1,1,1,1,1,1,1,1,0,1,1,1,1,0,1,1,1,1,0,1,1,0,1,0,1,0,0,0,0,0,0,1,1,0,0,1,0,1,1,0,1,1,0,0,0
33,elementary,synthetic_adversarial,easy_prose_hard_concept,1,1,1,1,1,1,1,1,1,1,1,1,1,0,1,1,1,1,1,1,1,0,1,0,0,1,1,1,1,1,0,0,1,0,1,1,0,1,0,0,0,0,0,0,0,0,0,0,1,1,0,1,1,0,1,0,0,1,0,0,0,0,0
34,middle,synthetic_adversarial,easy_prose_hard_concept,1,1,1,1,0,1,1,1,1,1,1,1,1,1,1,1,1,1,1,1,1,1,1,1,1,1,1,1,1,1,1,0,1,1,1,1,0,1,1,0,0,0,0,0,0,0,0,0,1,1,1,0,1,1,0,1,1,1,1,1,0,1,0
35,middle,synthetic_adversarial,easy_prose_hard_concept,1,0,0,0,0,0,0,0,0,1,1,1,1,1,1,1,1,1,1,1,1,1,1,1,1,1,0,1,1,1,1,0,1,1,1,1,0,1,1,0,0,0,1,0,0,0,0,0,0,1,1,0,1,1,0,1,1,0,1,1,0,1,1
36,middle,synthetic_adversarial,easy_prose_hard_concept,1,1,1,1,0,1,1,1,1,1,1,1,1,1,1,1,1,1,1,1,1,1,1,1,1,1,1,1,1,1,1,0,1,1,1,0,0,1,1,0,1,0,0,0,1,0,0,0,1,1,0,1,1,0,1,1,0,1,1,0,0,1,0
37,middle,synthetic_adversarial,easy_prose_hard_concept,1,1,1,1,0,1,1,1,1,1,1,1,1,1,1,1,1,1,1,1,1,1,1,1,1,1,1,1,1,1,1,0,1,1,1,1,0,1,1,0,1,0,0,0,1,0,0,0,0,1,1,0,1,1,0,1,1,1,1,1,0,1,1
38,middle,synthetic_adversarial,easy_prose_hard_concept,1,0,1,0,0,1,0,1,1,1,1,1,1,1,1,1,1,1,1,1,1,1,1,1,1,1,0,1,1,1,1,1,0,1,1,1,0,1,1,0,1,0,0,0,1,0,0,0,0,1,1,0,1,0,0,1,1,0,1,1,0,1,0
39,elementary,synthetic_adversarial,easy_prose_hard_concept,1,1,1,1,1,1,1,1,1,1,1,1,1,1,1,1,1,1,1,1,1,1,1,1,1,1,1,1,1,1,1,0,1,1,1,1,0,1,1,0,1,0,0,0,1,0,0,0,1,1,0,1,1,0,1,1,0,1,1,0,1,1,0
40,middle,synthetic_adversarial,easy_prose_hard_concept,1,0,1,0,0,1,0,0,1,1,1,1,1,1,1,1,0,1,1,1,1,1,1,1,1,1,0,1,1,1,1,0,1,1,1,1,0,1,1,0,1,0,0,0,0,0,0,0,0,1,1,0,1,1,0,1,1,0,1,1,0,0,0
41,middle,synthetic_adversarial,easy_prose_hard_concept,1,0,1,0,0,1,0,0,0,1,1,1,1,1,1,1,1,1,1,1,1,1,1,1,1,1,0,1,1,1,1,0,1,1,1,1,1,1,1,0,1,0,0,0,0,0,0,0,0,1,1,0,0,1,0,1,1,0,1,1,0,0,0
42,middle,synthetic_adversarial,easy_prose_hard_concept,1,1,1,1,1,1,1,1,1,1,1,1,1,1,1,1,1,1,1,1,1,1,1,1,1,1,1,1,1,1,1,0,1,0,1,1,0,1,0,0,0,0,0,0,0,0,0,0,1,1,0,1,1,1,1,1,0,1,1,0,0,1,0
43,middle,synthetic_adversarial,easy_prose_hard_concept,1,0,0,0,0,1,1,1,0,1,1,1,1,1,1,1,1,1,1,1,1,1,1,1,1,1,1,1,1,1,1,1,0,0,1,1,0,1,0,0,0,0,0,0,0,0,0,0,0,1,0,0,1,1,0,1,0,1,1,1,0,0,0
44,middle,synthetic_adversarial,easy_prose_hard_concept,1,0,1,0,0,1,0,0,1,1,1,1,1,1,1,1,1,1,1,1,1,1,1,1,1,1,1,1,1,1,0,0,1,0,1,1,0,0,0,0,0,1,0,0,0,0,0,0,0,1,0,0,1,1,0,1,1,0,1,1,0,0,0
45,middle,synthetic_adversarial,easy_prose_hard_concept,1,1,1,1,1,1,1,1,1,1,1,1,1,1,1,1,1,1,1,1,1,1,1,1,1,1,1,1,1,1,0,0,1,0,1,0,0,1,0,0,0,1,0,0,0,0,0,0,1,1,0,1,1,1,1,1,0,1,1,0,1,1,0
46,middle,synthetic_adversarial,easy_prose_hard_concept,0,0,0,0,0,1,0,0,0,1,1,1,1,1,0,1,0,1,1,1,1,1,1,1,1,1,0,1,1,1,1,0,1,0,1,1,0,1,0,0,0,1,0,0,0,0,0,0,0,1,0,0,1,1,0,1,1,0,1,1,0,0,0
47,middle,synthetic_adversarial,easy_prose_hard_concept,0,0,0,0,0,0,0,0,0,0,1,0,1,1,0,1,0,1,1,1,1,1,1,1,1,1,1,1,1,1,0,0,0,0,1,1,0,0,0,0,0,0,0,0,0,0,0,0,0,1,1,0,0,1,0,0,1,0,1,1,0,0,0
48,middle,synthetic_adversarial,easy_prose_hard_concept,1,0,0,1,0,1,1,1,1,1,1,1,1,1,1,1,1,1,1,1,1,1,1,1,1,1,1,1,1,1,1,0,1,1,1,1,0,1,0,0,0,0,0,0,0,0,0,0,0,1,1,0,1,1,0,1,1,1,1,1,0,0,0
49,middle,synthetic_adversarial,easy_prose_hard_concept,0,0,0,0,0,0,0,0,0,0,1,0,1,1,0,1,0,1,1,1,1,1,1,1,1,1,0,1,1,1,1,1,0,1,1,1,0,1,0,0,0,1,0,0,0,0,0,0,0,0,0,0,0,1,0,0,1,0,1,1,0,0,0
50,high,synthetic_adversarial,hard_prose_easy_concept,1,0,1,0,0,1,1,1,0,0,1,1,1,0,1,1,1,1,1,1,1,1,1,0,1,1,1,1,1,1,1,1,0,0,1,0,0,0,0,0,0,0,0,0,0,0,0,0,0,0,0,0,0,0,0,1,1,0,1,1,0,0,0
51,high,synthetic_adversarial,hard_prose_easy_concept,1,0,0,0,0,1,1,0,0,0,1,1,1,0,0,1,1,1,1,1,1,1,1,0,0,1,1,1,1,1,1,1,0,0,1,1,0,0,0,0,0,0,0,0,0,0,0,0,0,0,0,0,0,0,0,0,1,0,0,1,0,0,0
52,high,synthetic_adversarial,hard_prose_easy_concept,0,0,0,0,0,1,1,0,0,0,1,0,1,0,0,1,1,1,1,1,1,1,1,1,1,1,1,1,1,1,1,1,0,0,1,1,0,0,0,0,0,0,0,0,0,0,0,0,0,0,0,0,0,0,0,0,1,0,0,1,0,0,0
53,high,synthetic_adversarial,hard_prose_easy_concept,1,1,1,1,1,1,1,1,0,0,1,1,1,1,1,1,1,1,1,1,1,1,1,1,1,1,1,1,1,1,1,1,0,0,1,1,0,0,0,0,0,0,0,0,0,0,0,0,0,0,0,0,0,0,0,1,1,0,1,1,0,0,0
54,high,synthetic_adversarial,hard_prose_easy_concept,1,0,0,1,1,1,0,1,0,0,1,1,1,1,1,1,1,1,1,1,1,1,1,1,1,1,0,1,1,1,1,1,0,0,1,1,0,0,0,0,0,0,0,0,0,0,0,0,0,0,1,0,0,1,0,1,1,0,1,1,0,0,1
55,high,synthetic_adversarial,hard_prose_easy_concept,0,0,0,0,0,0,0,0,0,0,1,0,1,1,1,1,0,1,1,0,1,1,1,1,1,1,0,1,1,1,1,1,0,0,1,1,0,0,0,0,0,1,0,0,0,0,0,0,0,0,1,0,0,0,0,0,1,0,0,1,0,0,1
56,high,synthetic_adversarial,hard_prose_easy_concept,1,1,1,1,1,1,1,1,1,1,1,1,1,0,1,1,1,1,1,1,1,1,1,0,1,1,0,1,1,1,1,1,0,0,1,1,0,1,0,0,0,0,0,0,0,0,0,0,0,1,1,0,0,1,1,1,1,1,1,1,0,1,1
57,high,synthetic_adversarial,hard_prose_easy_concept,1,1,1,1,1,1,1,1,0,0,1,1,1,1,1,1,1,1,1,1,1,1,1,1,1,1,1,1,1,1,1,1,0,0,1,1,0,1,0,0,0,0,0,0,0,0,0,0,0,0,0,0,0,0,0,0,0,0,1,1,0,0,0
58,high,synthetic_adversarial,hard_prose_easy_concept,0,0,0,0,0,1,0,0,0,0,1,0,1,1,1,1,0,1,0,1,1,1,1,1,1,1,0,1,1,1,1,1,0,1,1,1,0,0,0,0,0,0,0,0,0,0,0,0,0,0,0,0,0,0,0,0,1,0,0,1,0,0,0
59,middle,synthetic_adversarial,hard_prose_easy_concept,1,0,1,0,1,1,1,1,0,1,1,1,1,0,1,1,0,1,1,1,1,1,1,0,1,1,0,1,1,1,1,0,0,0,1,1,0,1,0,0,0,0,0,0,0,0,0,0,0,0,0,0,0,0,0,0,0,0,1,1,0,0,0
60,high,synthetic_adversarial,hard_prose_easy_concept,0,0,1,0,0,1,1,0,0,0,1,1,1,1,1,1,1,1,1,1,1,1,1,1,1,1,1,1,1,1,1,1,0,0,1,1,0,0,0,0,0,0,0,0,0,0,0,0,0,0,0,0,0,0,0,0,1,0,0,1,0,0,0
61,high,synthetic_adversarial,hard_prose_easy_concept,0,0,0,0,0,1,0,0,0,0,1,0,1,1,0,1,0,1,1,1,1,1,1,1,1,1,0,1,1,1,1,1,0,0,1,1,0,0,0,0,0,0,0,0,0,0,0,0,0,0,0,0,0,0,0,0,1,0,0,1,0,0,0
62,high,synthetic_adversarial,hard_prose_easy_concept,1,0,1,0,1,1,1,1,0,0,1,1,1,0,1,1,1,1,1,1,1,1,1,0,1,1,1,1,1,1,1,1,0,0,1,0,0,0,0,0,0,0,0,0,0,0,0,0,0,0,0,0,0,0,0,1,1,0,1,1,0,0,0
63,high,synthetic_adversarial,hard_prose_easy_concept,1,0,1,0,1,1,1,1,0,0,1,1,1,0,1,1,1,1,1,1,1,1,1,0,1,1,1,1,1,1,1,1,0,0,1,0,0,1,0,0,0,0,0,0,0,0,0,0,0,0,0,0,0,0,0,1,1,0,1,1,0,0,0
64,high,synthetic_adversarial,hard_prose_easy_concept,1,0,1,0,0,1,1,0,0,0,1,1,1,1,1,1,1,1,1,1,1,1,1,0,1,1,1,1,1,1,1,1,0,0,1,1,0,1,0,0,0,0,0,0,0,0,0,0,0,0,0,0,0,0,0,0,1,0,1,1,0,0,0
65,high,synthetic_adversarial,hard_prose_easy_concept,1,0,1,0,0,1,1,1,0,0,1,1,1,0,1,1,1,1,1,1,1,1,1,0,1,1,1,1,1,1,1,1,0,0,1,1,0,0,0,0,0,0,0,0,0,0,0,0,0,0,0,0,0,0,0,0,0,0,0,1,0,0,0
66,high,synthetic_adversarial,hard_prose_easy_concept,1,1,1,1,1,1,1,1,1,1,1,1,1,1,1,1,1,1,1,1,1,1,1,1,1,1,0,1,1,1,1,1,0,0,1,0,0,1,0,0,0,0,0,0,0,0,0,0,0,1,1,0,0,0,0,1,0,0,1,1,0,0,0
67,high,synthetic_adversarial,hard_prose_easy_concept,0,0,0,1,0,1,0,0,0,0,1,1,1,1,1,1,1,1,1,1,1,1,1,1,1,1,0,1,1,1,1,1,0,0,1,1,0,1,0,0,0,0,0,0,0,0,0,0,0,0,0,0,0,0,0,0,1,0,0,1,0,0,0
68,high,synthetic_adversarial,hard_prose_easy_concept,1,1,1,0,0,1,0,1,1,0,1,1,1,1,1,1,0,1,1,1,1,1,1,1,0,1,0,1,1,1,1,0,0,0,1,0,0,1,0,0,0,0,0,0,0,0,0,0,0,1,1,0,0,1,0,1,1,0,1,1,0,0,0
69,high,synthetic_adversarial,hard_prose_easy_concept,1,0,1,1,1,1,0,1,0,0,1,1,1,1,1,1,0,1,1,1,1,1,1,0,1,1,0,1,1,1,1,1,0,0,1,0,0,1,0,0,0,0,0,0,0,0,0,0,0,0,1,0,0,0,0,1,1,0,1,1,0,0,0
70,high,synthetic_adversarial,hard_prose_easy_concept,0,0,0,0,0,0,0,0,0,0,1,0,1,1,1,1,0,1,0,1,1,0,1,1,1,1,1,1,1,1,1,1,0,0,1,1,0,0,0,0,0,0,0,0,0,0,0,0,0,0,0,0,0,0,0,0,1,0,0,1,0,0,1
71,high,synthetic_adversarial,hard_prose_easy_concept,1,1,1,0,1,1,1,1,1,1,1,1,1,0,1,1,1,1,1,1,1,1,1,0,1,1,1,1,1,1,1,0,0,0,1,1,0,0,0,0,0,0,0,0,0,0,0,0,0,0,0,0,0,1,0,1,1,0,1,1,0,0,0
72,high,synthetic_adversarial,hard_prose_easy_concept,0,0,0,0,0,1,0,0,0,0,1,1,1,1,0,1,0,1,1,1,1,1,1,1,0,1,0,1,1,1,1,1,0,0,1,0,0,0,0,0,0,0,0,0,0,0,0,0,0,0,1,0,0,0,0,0,1,0,0,1,0,0,1
73,high,synthetic_adversarial,hard_prose_easy_concept,0,0,0,0,0,1,0,0,0,0,1,1,1,1,0,1,0,1,1,1,1,1,1,0,0,1,0,1,1,1,1,1,0,0,1,0,0,0,0,0,0,0,0,0,0,0,0,0,0,0,0,0,0,0,0,0,1,0,0,1,0,0,1
74,high,synthetic_adversarial,hard_prose_easy_concept,1,0,1,1,1,1,1,1,0,0,1,1,1,1,1,1,1,1,1,1,1,1,1,1,1,1,1,1,1,1,1,1,0,0,1,1,0,1,1,0,1,0,0,0,0,1,0,1,0,0,0,0,0,1,0,1,1,0,1,1,0,0,0
75,high,synthetic_adversarial,hard_prose_easy_concept,1,1,1,1,1,1,1,1,0,0,1,1,1,1,1,1,1,1,1,1,1,1,1,1,1,1,1,1,1,1,1,1,0,0,1,1,0,1,1,0,1,0,0,0,0,1,0,1,0,0,0,0,0,1,0,1,1,0,1,1,0,0,0
76,high,synthetic_adversarial,hard_prose_easy_concept,0,0,0,0,0,1,1,0,0,0,1,1,1,1,0,1,1,1,1,1,1,1,1,1,1,1,1,1,1,1,1,1,0,0,1,1,0,0,0,0,0,0,0,0,0,0,0,0,0,0,0,0,0,0,0,0,0,0,0,1,0,0,0
77,high,synthetic_adversarial,hard_prose_easy_concept,1,0,1,1,0,1,1,1,0,0,1,1,1,1,1,1,1,1,1,1,1,1,1,0,1,1,1,1,1,1,1,1,0,0,1,0,0,0,0,0,0,0,0,0,0,0,0,0,0,0,0,0,0,0,0,0,1,0,0,1,0,0,0
78,high,synthetic_adversarial,hard_prose_easy_concept,1,0,0,1,0,1,1,1,0,0,1,1,1,1,1,1,1,1,1,1,1,1,1,1,1,1,1,1,1,1,1,1,0,0,1,1,0,0,0,0,1,0,0,0,0,0,0,0,0,0,0,0,0,0,0,0,1,0,0,1,0,0,0
79,high,synthetic_adversarial,hard_prose_easy_concept,1,1,1,1,0,1,1,1,0,0,1,1,1,1,1,1,1,1,1,1,1,1,1,1,1,1,1,1,1,1,1,1,0,0,1,1,0,0,0,0,1,0,0,0,0,0,0,0,0,0,0,0,0,0,0,0,1,0,1,1,0,0,0
80,high,synthetic_adversarial,hard_prose_easy_concept,1,1,1,1,1,1,0,1,0,0,1,1,1,1,1,1,0,1,1,1,1,1,1,1,1,1,0,1,1,1,1,1,0,0,1,1,0,0,0,0,0,0,0,0,0,0,0,0,0,0,0,0,0,0,0,1,1,0,1,1,0,0,0
81,high,synthetic_adversarial,hard_prose_easy_concept,0,0,0,0,0,1,0,0,0,0,1,1,1,1,1,1,1,1,1,1,1,1,1,1,1,1,1,1,1,1,1,1,0,0,1,1,0,0,0,0,1,0,0,0,0,0,0,0,0,0,0,0,0,0,0,0,1,0,1,1,0,0,0
82,high,synthetic_adversarial,hard_prose_easy_concept,0,0,0,0,0,1,1,0,0,0,1,1,1,1,1,1,1,1,1,1,1,1,1,1,1,1,1,1,1,1,1,1,0,0,1,1,0,0,0,0,0,0,0,0,0,0,0,0,0,0,0,0,0,0,0,0,1,0,0,1,0,0,0
83,high,synthetic_adversarial,hard_prose_easy_concept,1,1,1,1,1,1,1,1,0,1,1,1,1,1,1,1,1,1,1,1,1,1,1,1,1,1,1,1,1,1,1,1,0,0,1,1,0,1,0,0,0,0,0,0,0,0,0,0,0,0,0,0,0,0,0,1,1,0,1,0,0,0,0
84,high,synthetic_adversarial,hard_prose_easy_concept,1,1,1,1,1,1,1,1,1,1,1,1,1,0,1,1,1,1,1,1,1,1,1,0,1,1,1,1,1,1,1,0,0,0,1,1,0,1,0,0,0,0,0,0,0,0,0,0,0,1,0,0,1,1,1,1,0,1,1,0,0,0,0
85,high,synthetic_adversarial,hard_prose_easy_concept,1,0,1,0,0,1,1,1,0,0,1,1,1,0,1,1,1,1,1,1,1,1,1,0,1,1,1,1,1,1,1,1,0,0,1,0,0,0,0,0,0,0,0,0,0,0,0,0,0,0,0,0,0,0,0,1,1,0,1,1,0,0,0
86,high,synthetic_adversarial,hard_prose_easy_concept,1,0,0,1,0,1,1,0,0,0,1,1,1,1,1,1,1,1,1,1,1,1,1,1,1,1,1,1,1,1,1,1,0,0,1,1,0,1,0,0,1,0,0,0,0,0,0,0,0,0,0,0,0,0,0,1,1,0,1,1,0,0,0
87,high,synthetic_adversarial,hard_prose_easy_concept,0,0,0,0,0,0,0,0,0,0,1,0,1,1,0,1,0,1,1,1,1,1,1,1,1,1,0,1,1,1,1,1,0,1,1,1,0,0,1,0,1,0,0,0,0,0,0,0,0,0,0,0,0,0,0,0,1,0,0,1,0,0,0
88,middle,synthetic_adversarial,hard_prose_easy_concept,1,1,1,1,1,1,1,1,0,0,1,1,1,0,1,1,1,1,1,1,1,1,1,0,1,1,1,1,1,1,1,1,0,0,1,1,0,0,0,0,0,0,0,0,0,0,0,0,0,0,0,0,0,0,0,0,0,0,1,1,0,0,0
89,high,synthetic_adversarial,hard_prose_easy_concept,1,1,1,1,1,1,0,1,0,0,1,1,1,0,1,1,1,1,1,1,1,1,1,0,1,1,0,1,1,1,1,1,0,0,1,1,0,0,0,0,0,0,0,0,0,0,0,0,0,0,0,0,0,0,0,0,0,0,1,1,0,0,0
90,high,synthetic_adversarial,hard_prose_easy_concept,0,0,0,1,0,1,0,0,0,0,1,0,1,1,0,1,0,1,1,1,1,1,1,1,1,1,0,1,1,1,1,1,0,0,1,1,0,0,0,0,0,0,0,0,0,0,0,0,0,0,0,0,0,0,0,0,1,0,0,1,0,0,0
91,high,synthetic_adversarial,hard_prose_easy_concept,1,0,1,1,1,1,0,1,0,0,1,1,1,1,1,1,1,1,1,1,1,1,1,0,1,1,1,1,1,1,1,1,0,0,1,1,0,0,0,0,0,0,0,0,0,0,0,0,0,0,0,0,0,0,0,0,1,0,1,0,0,0,0
92,high,synthetic_adversarial,hard_prose_easy_concept,1,1,1,1,1,1,1,1,1,1,1,1,1,1,1,1,1,1,1,1,1,1,1,1,1,1,0,1,1,1,1,1,0,0,1,1,0,0,0,0,0,0,0,0,0,0,0,0,0,0,0,0,0,1,1,1,1,0,1,1,0,1,0
93,high,synthetic_adversarial,hard_prose_easy_concept,0,0,0,0,0,1,0,0,0,0,1,0,1,1,0,1,0,1,0,1,1,1,1,1,1,1,0,1,1,1,1,1,0,0,1,1,0,0,0,0,0,0,0,0,0,0,0,0,0,0,0,0,0,0,0,0,1,0,0,1,0,0,0
94,high,synthetic_adversarial,hard_prose_easy_concept,0,0,0,1,0,1,0,0,0,0,1,1,1,1,1,1,1,1,1,1,1,1,1,1,1,1,1,1,1,1,1,1,0,1,1,1,0,0,1,0,1,0,0,0,0,1,0,0,0,0,0,0,0,0,0,0,1,0,0,1,0,0,0
95,high,synthetic_adversarial,hard_prose_easy_concept,0,0,0,1,0,1,1,0,0,0,1,1,1,1,1,1,1,1,1,1,1,1,1,1,1,1,1,1,1,1,1,1,0,0,1,1,0,0,0,0,1,0,0,0,0,0,0,0,0,0,0,0,0,0,0,0,1,0,1,1,0,0,0
96,high,synthetic_adversarial,hard_prose_easy_concept,1,0,1,1,1,1,0,1,0,0,1,1,1,1,1,1,0,1,1,1,1,1,1,1,1,1,0,1,1,1,1,1,0,0,1,1,0,0,0,0,0,0,0,0,0,0,0,0,0,0,0,0,0,0,0,1,1,0,1,1,0,0,0
97,high,synthetic_adversarial,hard_prose_easy_concept,1,0,0,1,0,1,0,0,0,0,1,1,1,1,1,1,0,1,1,1,1,1,1,1,1,1,0,1,1,1,1,1,0,0,1,1,0,0,0,0,0,0,0,0,0,0,0,0,0,0,0,0,0,0,0,0,1,0,0,1,0,0,0
98,high,synthetic_adversarial,hard_prose_easy_concept,1,0,0,1,1,1,0,1,0,0,1,1,1,1,1,1,0,1,1,1,1,1,1,1,1,1,0,1,1,1,1,1,0,0,1,1,0,0,0,0,0,0,0,0,0,0,0,0,0,0,0,0,0,0,0,1,1,0,1,1,0,0,0
99,high,synthetic_adversarial,hard_prose_easy_concept,0,0,0,0,0,1,0,0,0,0,1,0,1,1,1,1,0,1,1,1,1,1,1,1,1,1,0,1,1,1,1,1,0,0,1,1,0,0,0,0,0,0,0,0,0,0,0,0,0,0,0,0,0,0,0,0,1,0,0,1,0,0,0
100,middle,synthetic_adversarial,domain_shift_legal,1,1,1,1,1,1,1,1,1,1,1,1,1,1,1,1,1,1,1,1,1,1,1,1,1,1,1,1,0,1,1,0,1,1,1,1,0,1,0,0,0,1,0,0,0,0,0,0,1,1,0,1,1,0,1,1,0,1,1,0,0,1,0
101,middle,synthetic_adversarial,domain_shift_legal,1,1,1,1,1,1,1,1,1,1,1,1,1,1,1,1,1,1,1,1,1,1,1,1,1,1,1,1,1,1,0,0,1,1,1,1,0,1,0,0,0,1,0,0,0,0,0,0,0,1,0,0,1,1,0,1,0,1,1,0,0,1,0
102,middle,synthetic_adversarial,domain_shift_legal,0,0,0,0,0,0,0,0,0,0,1,1,1,1,0,1,0,1,1,1,1,1,1,1,1,1,0,1,1,1,0,1,0,1,1,0,0,0,0,0,0,1,0,0,0,0,0,0,0,0,0,0,0,1,0,0,1,0,1,1,0,0,1
103,middle,synthetic_adversarial,domain_shift_legal,1,1,1,1,0,1,1,1,1,1,1,1,1,1,1,1,1,1,1,1,1,1,1,1,1,1,1,1,1,1,1,0,1,1,1,1,0,1,0,0,0,1,0,0,0,0,0,0,0,1,0,0,1,1,0,1,1,1,1,0,0,1,0
104,middle,synthetic_adversarial,domain_shift_legal,0,0,0,0,0,1,0,0,0,0,1,1,1,1,1,1,1,1,1,1,1,1,1,1,1,1,0,1,1,1,0,1,0,1,1,1,0,1,0,0,0,0,0,0,0,0,0,0,0,0,0,0,1,1,0,1,1,0,1,1,0,0,0
105,middle,synthetic_adversarial,domain_shift_legal,0,0,0,0,0,0,0,0,0,0,1,0,1,1,0,1,0,1,1,1,1,1,1,1,0,1,0,1,1,1,0,1,0,1,1,1,0,0,0,0,0,0,0,0,0,0,0,0,0,0,0,0,0,1,0,0,1,0,0,1,0,0,1
106,middle,synthetic_adversarial,domain_shift_legal,1,0,0,0,0,1,1,0,0,0,1,1,1,1,1,1,1,1,1,1,1,1,1,1,1,1,1,1,1,1,1,1,1,1,1,0,0,1,0,0,0,0,0,0,0,0,0,0,0,1,0,0,1,1,0,1,1,0,1,1,0,1,1
107,middle,synthetic_adversarial,domain_shift_legal,1,0,0,0,0,1,0,0,0,0,1,1,1,1,0,1,1,1,1,1,1,1,1,1,1,1,1,1,1,1,0,1,1,1,1,1,0,0,0,0,0,0,0,0,0,0,0,0,0,1,1,0,1,1,0,1,1,0,1,1,0,1,1
108,high,synthetic_adversarial,domain_shift_legal,0,0,0,0,0,0,0,0,0,0,1,0,1,0,0,0,0,0,0,0,1,1,1,1,0,0,0,1,1,1,0,1,0,1,1,1,0,0,0,0,0,0,0,0,0,0,0,0,0,0,0,0,0,0,0,0,1,0,0,1,0,0,0
109,middle,synthetic_adversarial,domain_shift_legal,1,1,1,1,0,1,1,1,1,1,1,1,1,1,1,1,1,1,1,1,1,1,1,1,1,1,1,1,1,1,1,0,1,0,1,1,0,1,0,0,0,1,0,0,0,0,0,0,1,1,0,0,1,1,0,1,1,1,1,1,0,1,0
110,middle,synthetic_adversarial,domain_shift_medical,1,1,1,1,1,1,1,1,1,1,1,1,1,1,1,1,1,1,1,1,1,1,1,1,1,1,1,1,1,1,1,0,1,1,1,1,0,1,1,0,1,0,0,0,0,0,0,0,1,1,0,1,1,0,1,1,1,1,1,0,1,1,0
111,middle,synthetic_adversarial,domain_shift_medical,0,0,1,0,0,1,1,0,0,0,1,1,1,1,1,1,1,1,1,1,1,1,1,1,1,1,1,1,1,1,1,1,0,1,1,1,0,1,1,0,1,0,0,0,0,0,0,0,0,1,1,0,1,1,0,1,1,0,1,1,0,1,1
112,middle,synthetic_adversarial,domain_shift_medical,1,1,1,1,1,1,1,1,1,1,1,1,1,1,1,1,1,1,1,1,1,1,1,1,1,1,1,1,1,1,1,0,1,0,1,1,0,1,1,0,1,0,0,0,0,0,0,0,1,1,0,1,1,1,1,1,1,1,1,0,1,1,1
113,middle,synthetic_adversarial,domain_shift_medical,0,0,1,0,0,1,1,0,0,1,1,1,1,1,1,1,1,1,1,1,1,1,1,1,1,1,1,1,1,1,1,1,0,1,1,1,0,1,1,0,1,0,0,0,0,0,0,0,0,1,0,0,1,1,0,1,1,0,1,1,0,1,1
114,middle,synthetic_adversarial,domain_shift_medical,1,0,1,0,0,1,1,0,0,0,1,1,1,1,1,1,1,1,1,1,1,1,1,1,1,1,1,1,1,1,1,0,0,1,1,1,0,1,1,0,1,0,0,0,0,0,0,0,0,0,0,0,0,1,0,1,1,0,1,1,0,0,1
115,elementary,synthetic_adversarial,domain_shift_medical,1,1,1,1,1,1,1,1,1,1,1,1,1,1,1,1,1,1,1,1,1,1,1,1,1,1,1,1,1,1,1,0,1,1,1,1,0,1,1,0,1,0,0,0,0,0,0,0,1,1,0,1,1,0,1,1,0,1,1,0,1,1,0
116,middle,synthetic_adversarial,domain_shift_medical,1,1,1,1,1,1,1,1,1,1,1,1,1,1,1,1,1,1,1,1,1,1,1,1,1,1,1,1,1,1,1,0,1,1,1,1,0,1,1,0,1,0,0,0,0,0,0,0,1,1,0,1,1,1,1,1,1,1,1,0,1,1,0
117,middle,synthetic_adversarial,domain_shift_medical,0,0,0,0,0,1,0,0,0,0,1,1,1,1,0,1,1,1,1,1,1,1,1,1,1,1,1,1,1,1,1,1,0,1,1,1,1,1,1,0,1,0,0,0,0,0,0,0,0,0,1,0,0,1,0,1,1,0,1,1,0,0,1
118,middle,synthetic_adversarial,domain_shift_medical,1,1,1,1,0,1,0,1,1,1,1,1,1,1,1,1,0,1,1,1,1,1,1,1,1,1,0,1,1,1,0,0,1,1,1,1,0,1,1,0,1,0,0,1,0,0,0,0,0,1,1,0,1,1,0,1,1,1,1,1,0,1,1
119,middle,synthetic_adversarial,domain_shift_medical,1,1,1,1,0,1,1,1,1,1,1,1,1,1,1,1,1,1,1,1,1,1,1,1,1,1,0,1,1,1,1,0,1,1,1,1,0,1,1,0,1,0,0,0,0,0,0,0,0,1,0,0,1,0,1,1,1,1,1,1,0,1,0
120,middle,synthetic_adversarial,domain_shift_financial,0,0,0,0,0,1,0,0,0,0,1,1,1,1,0,1,0,1,1,1,1,1,1,1,1,1,0,1,1,1,0,0,1,1,1,0,0,1,0,0,0,0,1,0,0,0,0,0,0,0,0,0,0,1,0,1,1,0,1,1,0,0,0
121,middle,synthetic_adversarial,domain_shift_financial,1,1,1,1,1,1,1,1,1,1,1,1,1,1,1,1,1,1,1,1,1,1,1,1,1,1,1,1,1,1,1,0,1,0,1,0,0,1,0,0,0,0,1,0,0,0,0,0,1,1,0,1,1,0,1,1,0,1,1,0,0,1,0
122,middle,synthetic_adversarial,domain_shift_financial,0,0,0,0,0,0,0,0,0,0,1,1,1,1,1,1,0,1,1,1,1,1,1,1,1,1,0,1,1,1,0,1,0,1,1,0,0,1,0,0,0,0,1,0,0,0,0,0,0,0,0,0,0,0,0,1,1,0,1,0,0,0,0
123,high,synthetic_adversarial,domain_shift_financial,0,0,0,0,0,0,0,0,0,0,1,0,1,0,0,0,0,0,1,1,1,1,1,1,0,0,0,1,1,1,1,1,0,1,1,0,0,1,0,0,0,0,1,0,0,0,0,0,0,0,1,0,0,1,0,0,1,0,1,1,0,0,1
124,middle,synthetic_adversarial,domain_shift_financial,1,1,1,1,1,1,1,1,1,1,1,1,1,1,1,1,1,1,1,1,1,0,1,1,1,1,0,1,0,1,1,0,1,1,1,1,0,1,0,0,0,0,0,0,0,0,0,0,1,1,0,1,1,1,1,1,0,1,1,0,1,1,0
125,middle,synthetic_adversarial,domain_shift_financial,1,0,0,0,0,1,0,0,1,1,1,1,1,1,1,1,1,1,1,1,1,1,1,1,1,1,0,1,1,1,1,1,1,1,1,1,0,1,0,0,0,0,0,0,0,0,0,0,0,1,0,0,1,1,0,1,0,0,1,1,0,1,0
126,middle,synthetic_adversarial,domain_shift_financial,0,0,0,0,0,0,0,0,0,0,1,1,1,1,0,1,0,1,1,1,1,1,1,1,1,1,0,1,1,1,1,1,0,1,1,1,0,1,0,0,0,0,0,0,0,0,0,0,0,0,1,0,0,1,0,1,1,0,1,1,0,0,1
127,middle,synthetic_adversarial,domain_shift_financial,1,0,1,0,0,1,0,0,0,1,1,1,1,1,1,1,1,1,1,1,1,1,1,1,1,1,1,1,1,1,1,1,1,1,1,1,0,1,0,0,0,1,0,0,0,0,0,0,0,1,0,0,1,1,0,1,1,1,1,1,0,0,0
128,middle,synthetic_adversarial,domain_shift_financial,1,0,0,0,0,1,0,0,1,1,1,1,1,1,1,1,1,1,1,1,1,1,1,1,1,1,1,1,1,1,1,0,1,1,1,1,0,1,0,0,0,0,0,0,0,0,0,0,0,1,0,0,1,1,0,1,1,1,1,1,0,1,0
129,middle,synthetic_adversarial,domain_shift_financial,0,0,0,0,0,0,0,0,0,0,1,1,1,1,0,1,0,1,1,1,1,1,1,1,1,1,0,1,1,1,1,1,0,1,1,1,0,1,0,0,0,0,0,0,0,0,0,0,0,0,1,0,0,1,0,1,1,0,1,1,0,0,1
130,middle,synthetic_adversarial,domain_shift_engineering,1,1,1,1,0,1,1,1,1,1,1,1,1,1,1,1,1,1,1,1,1,1,1,1,1,1,0,1,1,1,1,0,1,1,1,0,0,1,1,0,1,0,0,0,0,0,0,0,1,1,0,1,1,1,1,1,1,1,1,1,1,1,0
131,middle,synthetic_adversarial,domain_shift_engineering,1,1,1,1,0,1,1,1,1,1,1,1,1,1,1,1,1,1,1,1,1,1,1,1,1,1,1,1,1,1,1,0,1,1,1,1,0,1,1,0,1,0,0,0,0,0,0,0,0,1,1,0,1,1,0,1,1,0,1,1,0,1,1
132,middle,synthetic_adversarial,domain_shift_engineering,1,0,1,0,0,1,1,1,0,0,1,1,1,1,1,1,1,1,1,1,1,1,1,1,1,1,1,1,1,1,0,0,1,1,1,1,0,1,1,0,0,0,0,0,0,0,0,0,0,1,0,0,1,0,0,1,1,0,1,1,0,0,0
133,middle,synthetic_adversarial,domain_shift_engineering,1,1,1,1,1,1,1,1,1,1,1,1,1,1,1,1,1,1,1,1,1,1,1,1,1,1,1,1,1,1,0,0,1,1,1,1,0,1,1,0,1,0,0,0,0,0,0,0,1,1,0,1,1,0,1,1,0,1,1,0,1,1,0
134,middle,synthetic_adversarial,domain_shift_engineering,0,0,0,0,0,1,0,0,0,0,1,1,1,1,1,1,0,1,1,1,1,1,1,1,1,1,0,1,1,1,0,1,1,1,1,1,0,1,1,0,1,0,0,0,0,0,0,0,0,0,1,0,1,1,0,1,1,0,1,1,0,0,0
135,high,synthetic_adversarial,domain_shift_engineering,0,0,0,0,0,0,0,0,0,0,1,1,1,1,0,1,0,1,1,1,1,1,1,1,1,1,0,1,1,1,0,1,0,1,1,1,0,1,1,0,1,0,0,1,0,0,0,0,0,0,0,0,0,1,0,1,1,0,1,1,0,0,0
136,middle,synthetic_adversarial,domain_shift_engineering,1,1,1,1,1,1,1,1,1,1,1,1,1,1,1,1,1,1,1,1,1,1,1,1,1,1,0,1,1,1,1,0,1,1,1,1,0,1,1,0,0,0,0,0,0,0,0,0,1,1,0,1,1,0,1,1,0,1,1,1,1,1,0
137,middle,synthetic_adversarial,domain_shift_engineering,0,0,0,0,0,1,0,0,0,0,1,1,1,1,1,1,0,1,1,1,1,1,1,1,1,1,0,1,1,1,1,0,0,1,1,1,0,1,1,0,0,0,0,0,0,0,0,0,0,1,1,0,1,1,0,1,1,0,1,1,0,0,0
138,middle,synthetic_adversarial,domain_shift_engineering,0,0,0,0,0,0,0,0,0,0,1,1,1,1,0,1,0,1,1,1,1,1,1,1,1,1,0,1,1,1,1,1,0,1,1,1,0,0,1,0,0,0,0,0,0,0,0,0,0,0,1,0,0,1,0,1,1,0,1,1,0,0,1
139,middle,synthetic_adversarial,domain_shift_engineering,1,1,1,1,1,1,1,1,1,1,1,1,1,1,1,1,1,1,1,1,1,1,1,1,1,1,1,1,1,1,1,0,1,1,1,1,0,1,1,0,0,0,0,0,0,0,0,0,1,1,0,1,1,1,1,1,1,1,1,1,1,1,1
140,middle,synthetic_adversarial,domain_shift_chemistry,1,1,1,1,0,1,0,1,1,1,1,1,1,1,1,1,1,1,1,1,1,1,1,1,1,1,1,1,1,1,0,0,1,1,1,1,0,1,1,0,1,0,0,0,1,1,0,0,0,1,1,0,1,1,0,1,1,1,1,1,0,1,1
141,high,synthetic_adversarial,domain_shift_chemistry,0,0,0,0,0,0,0,0,0,0,1,1,1,1,1,1,0,1,1,1,1,1,1,1,1,1,1,1,1,1,0,1,0,1,1,1,0,1,1,0,1,0,0,0,1,1,0,0,0,0,1,0,0,1,0,1,1,0,1,1,0,0,0
142,middle,synthetic_adversarial,domain_shift_chemistry,1,0,1,0,0,1,0,1,1,1,1,1,1,1,1,1,1,1,1,1,1,1,1,1,1,1,0,1,1,1,1,0,1,1,1,1,0,1,1,0,1,0,0,0,1,0,0,0,0,1,1,0,1,1,0,1,1,1,1,1,0,1,1
143,middle,synthetic_adversarial,domain_shift_chemistry,0,0,0,0,0,0,0,0,0,0,1,1,1,1,0,0,0,1,1,1,1,1,1,1,1,0,0,1,1,1,1,1,0,1,0,1,0,0,1,0,1,0,0,0,1,0,0,0,0,0,1,0,0,0,0,1,1,0,1,1,0,0,0
144,middle,synthetic_adversarial,domain_shift_chemistry,0,0,0,0,0,1,0,0,0,0,1,1,1,1,1,1,1,1,1,1,1,1,1,1,1,1,1,1,1,1,1,1,0,1,1,1,1,1,1,0,1,0,0,0,1,0,0,0,0,0,1,0,1,1,0,1,1,0,1,1,0,0,0
145,middle,synthetic_adversarial,domain_shift_chemistry,1,1,1,1,1,1,1,1,1,1,1,1,1,1,1,1,1,1,1,1,1,1,1,1,1,1,1,1,1,1,1,1,1,1,1,1,0,1,1,0,1,0,0,0,1,0,0,0,0,1,0,0,1,0,1,1,0,1,1,0,0,1,0
146,middle,synthetic_adversarial,domain_shift_chemistry,1,0,1,0,0,1,0,1,0,0,1,1,1,1,1,1,1,1,1,1,1,1,1,1,1,1,0,1,1,1,1,0,1,1,1,1,0,1,1,0,1,0,0,0,1,0,0,0,0,1,1,0,1,1,0,1,1,0,1,1,0,1,1
147,middle,synthetic_adversarial,domain_shift_chemistry,0,0,0,0,0,0,0,0,0,0,1,1,1,1,0,1,0,1,1,1,1,1,1,1,0,0,0,1,1,1,1,1,0,1,1,1,0,0,1,0,1,0,0,0,1,0,0,0,0,0,0,0,0,0,0,0,0,0,1,1,0,0,0
148,middle,synthetic_adversarial,domain_shift_chemistry,1,1,1,1,0,1,1,1,1,1,1,1,1,1,1,1,1,1,1,1,1,1,1,1,1,1,1,1,1,1,1,0,1,1,1,1,0,1,1,0,1,0,0,1,1,0,0,0,1,1,0,1,1,1,1,1,0,1,1,1,1,1,1
149,middle,synthetic_adversarial,domain_shift_chemistry,0,0,0,0,0,1,0,0,0,0,1,1,1,1,1,1,0,1,1,1,1,1,1,1,1,1,0,1,1,1,1,1,1,1,1,1,0,1,1,0,1,0,0,1,1,0,0,0,0,1,1,0,1,1,0,1,1,0,1,1,0,1,1
